Date,open,high,low,close,volume,EMA_12,EMA_26,RSI,MACD,ATR,OBV
2021-11-29,82000,85000,73900,76000,8764092,,,,,,8764092.0
2021-11-30,77900,80500,68000,68000,6863151,,,,,,1900941.0
2021-12-01,68400,69400,61900,62700,4481654,,,,,,-2580713.0
2021-12-02,61900,72100,61500,68700,7312303,,,,,,4731590.0
2021-12-03,67400,70200,65500,66000,3301896,,,,,,1429694.0
2021-12-06,64000,69300,63700,66000,11832989,,,,,,1429694.0
2021-12-07,66800,68200,65500,65600,2244270,,,,,,-814576.0
2021-12-08,66700,67800,64600,64600,2294736,,,,,,-3109312.0
2021-12-09,64500,65100,62800,65100,3184427,,,,,,75115.0
2021-12-10,64100,64900,63200,63300,1443615,,,,,,-1368500.0
2021-12-13,63300,64400,63000,63000,1178159,,,,,,-2546659.0
2021-12-14,62600,62800,60600,60600,1917405,65800.0,,,,,-4464064.0
2021-12-15,59500,60900,58000,58200,2260768,64630.769230769234,,,,,-6724832.0
2021-12-16,59000,59400,56100,56400,2564560,63364.49704142012,,,,,-9289392.0
2021-12-17,55800,59300,54700,57000,3344436,62385.343650432405,,19.824202958569547,,4089.685810006477,-5944956.0
2021-12-20,56600,60100,55900,58400,2704260,61772.21385805819,,26.008751415604923,,4101.429306524961,-3240696.0
2021-12-21,58800,61600,58200,60900,2579600,61638.027110664625,,35.56683514636911,,4029.2855897349323,-661096.0
2021-12-22,61700,65900,61200,65700,4156492,62262.94601671622,,49.14916998953844,,4126.0841514946405,3495396.0
2021-12-23,65400,65700,63700,64900,2251218,62668.6466295291,,47.357384119754485,,3919.9062420411356,1244178.0
2021-12-24,65100,67200,65100,65800,1920024,63150.39330190924,,49.58414833368775,,3766.7283618921733,3164202.0
2021-12-27,66300,66600,64000,65200,1205094,63465.71740930782,,48.12271072720273,,3658.8971155972654,1959108.0
2021-12-28,65400,65400,63900,64800,1100056,63670.9916540297,,47.12550028267633,,3463.470408918315,859052.0
2021-12-29,65300,65800,64500,64500,986784,63798.53139956359,,46.349735706568076,,3271.2988475759244,-127732.0
2021-12-30,64800,68500,64800,66400,2543077,64198.75733809227,,51.765376975200645,,3334.919358108659,2415345.0
2022-01-03,66900,67300,65200,66500,1123222,64552.79467069346,,52.0397808656689,,3228.787767913585,3538567.0
2022-01-04,66800,70300,65900,70000,3183183,65390.82625981755,64396.153846153844,60.508018368154,994.6724136637058,3328.004249086799,6721750.0
2022-01-05,69700,70500,67400,67600,2733991,65730.69914292253,64633.475783475784,53.52850894465693,1097.223359446747,3308.9426229865094,3987759.0
2022-01-06,65900,66300,61300,61700,3617004,65110.591582472916,64416.1812809961,41.00614406194693,694.4103014768189,3555.993721850464,370755.0
2022-01-07,62600,62600,59700,61000,2312174,64478.19287747708,64163.130815737124,39.816026572325505,315.0620617399545,3502.4093172418584,-1941419.0
2022-01-10,60400,60800,57400,57500,2262799,63404.624742480606,63669.56557012697,34.434672702763706,-264.9408276463655,3510.30002120602,-4204218.0
2022-01-11,58000,59500,56700,57200,1645760,62450.06708979128,63190.33849085831,34.01036316211595,-740.2714010670315,3453.4049678160914,-5849978.0
2022-01-12,57800,60900,57800,59400,2164247,61980.825999054156,62909.57267672066,39.86254721091198,-928.7466776665024,3472.987428913929,-3685731.0
2022-01-13,59500,59700,57800,58000,1094076,61368.3912299689,62545.9006265932,37.57866538831133,-1177.5093966243003,3349.0635326064585,-4779807.0
2022-01-14,57000,59800,57000,59000,1422881,61004.02334843522,62283.24132091963,40.21358715901072,-1279.21797248441,3306.122713996292,-3356926.0
2022-01-17,58700,59700,58200,59300,915485,60741.865910214416,62062.26048233299,41.01796549026056,-1320.3945721185737,3165.8216677552327,-2441441.0
2022-01-18,59900,63900,59800,62900,2986345,61073.8865394122,62124.31526141944,49.75418761790585,-1050.4287220072438,3276.5375587702747,544904.0
2022-01-19,62200,63700,61000,62300,1539452,61262.51937950263,62137.328945758745,48.46572429827855,-874.8095662561173,3232.285251529187,-994548.0
2022-01-20,62600,63500,61500,62500,1170461,61452.901013425304,62164.19346829513,48.940385116347784,-711.2924548698284,3138.201995263011,175913.0
2022-01-21,61800,62800,59900,60800,1728551,61352.454703667565,62063.14210027327,45.13495436282815,-710.6873966057028,3120.104645437133,-1552638.0
2022-01-24,60100,60700,59100,59200,1084225,61021.307826180244,61851.057500253024,41.83764696723642,-829.7496740727802,3012.7007568196295,-2636863.0
2022-01-25,59500,59700,56600,56700,1874355,60356.49123753713,61469.49768541947,37.257636790316774,-1113.0064478823406,3019.2756527454335,-4511218.0
2022-01-26,57300,58500,56700,57200,1164928,59870.87720099295,61153.238597610616,38.70292227689145,-1282.3613966176636,2927.8020144051793,-3346290.0
2022-01-27,57400,57700,54800,54800,1770666,59090.742246994036,60682.62833112094,34.58476000013269,-1591.8860841269052,2925.723695911602,-5116956.0
2022-01-28,55100,55300,51500,55000,2728488,58461.39728591803,60261.692899186055,35.20350915984675,-1800.2956132680265,2990.8629261379742,-2388468.0
2022-02-03,56100,57000,55600,56200,1411048,58113.490011161404,59960.82675850561,38.93566077940852,-1847.336747344205,2917.2637695330964,-977420.0
2022-02-04,55600,57800,55300,56900,1314467,57926.7992402135,59734.09885046816,41.068019686549704,-1807.2996102546604,2886.3583762885232,337047.0
2022-02-07,57200,59000,55500,58200,1446356,57968.8301263345,59620.46189858163,44.91513271222135,-1651.6317722471285,2931.6892559517673,1783403.0
2022-02-08,58500,59700,57400,58600,1209806,58065.9331838215,59544.87212831632,46.08146767674743,-1478.9389444948174,2885.1389015405416,2993209.0
2022-02-09,59300,60300,58600,59800,1110182,58332.71269400281,59563.77048918178,49.533687919584345,-1231.0577951789674,2798.001032802134,4103391.0
2022-02-10,60400,60600,57100,57100,1864904,58143.064587233144,59381.268971464604,42.88106116054673,-1238.2043842314597,2849.507818022854,2238487.0
2022-02-11,56300,57800,56000,56800,832830,57936.43926612035,59190.06386246723,42.20283229920014,-1253.6245963468755,2772.653084195186,1405657.0
2022-02-14,56000,56300,54400,54600,1353063,57423.14091748645,58850.0591319141,37.51663345768752,-1426.9182144276492,2745.4130080698837,52594.0
2022-02-15,54800,55100,51600,51700,2274891,56542.65769941162,58320.42512214268,32.4081361448126,-1777.7674227310636,2800.4796547500177,-2222297.0
2022-02-16,53300,54800,52800,54700,1144186,56259.17189950214,58052.24548346545,41.311075235833,-1793.0735839633126,2822.303645935833,-1078111.0
2022-02-17,54500,55400,53200,54200,1342654,55942.37622265566,57766.893966171716,40.35698140537343,-1824.5177435160585,2777.0256059164212,-2420765.0
2022-02-18,53000,54600,52900,54200,648501,55674.3183422471,57502.67959830715,40.35698140537343,-1828.3612560600523,2698.7666600687785,-2420765.0
2022-02-21,53100,56100,52900,55800,787309,55693.653981901385,57376.55518361773,45.065548131438455,-1682.9012017163477,2735.14245809201,-1633456.0
2022-02-22,54400,56200,54400,55100,813183,55602.3226000704,57207.92146631271,43.44941982740357,-1605.5988662423115,2667.35430511122,-2446639.0
2022-02-23,55900,58200,55900,57700,1475855,55925.04220005957,57244.37172806732,50.543763659837055,-1319.329528007751,2698.683398976814,-970784.0
2022-02-24,56900,57600,54500,55300,1230603,55828.881861588874,57100.34419265493,44.93941483915588,-1271.4623310660536,2734.9494519246846,-2201387.0
2022-02-25,56400,57700,55500,57300,1603780,56055.20772903674,57115.133511717526,49.922555811876705,-1059.925782680788,2710.7407709594804,-597607.0
2022-02-28,57000,57300,55200,55800,8654968,56015.94500149262,57017.716214553264,46.5218776502568,-1001.7712130606451,2666.636458767728,-9252575.0
2022-03-02,55600,55700,54000,54100,1322952,55721.18423203222,56801.58908754932,42.95092882072248,-1080.404855517103,2604.1019237221094,-10575527.0
2022-03-03,54600,55100,54100,55100,1417086,55625.61742710418,56675.545451434555,45.59632308148538,-1049.9280243303729,2488.4378811179513,-9158441.0
2022-03-04,54600,54700,53000,53000,1117022,55221.67628447277,56403.28282540237,41.2685451685462,-1181.6065409295989,2460.4484391253836,-10275463.0
2022-03-07,52000,52200,50300,50700,1604719,54526.033779169265,55980.81743092812,37.113633087605635,-1454.7836517588512,2477.698835733487,-11880182.0
2022-03-08,49450,50700,49050,49250,1394411,53714.336274681686,55482.23836197048,34.7390597424444,-1767.9020872887922,2418.1299518667965,-13274593.0
2022-03-10,51200,52200,50800,51900,1299240,53435.207617038344,55216.88737219489,42.03797353892934,-1781.679755156547,2456.387566845045,-11975353.0
2022-03-11,51700,52900,51000,51400,796207,53122.098752878606,54934.15497425453,41.1038670189101,-1812.0562213759258,2416.386470331185,-12771560.0
2022-03-14,51900,52400,51400,52200,742360,52980.2374062819,54731.6249761616,43.27570972077036,-1751.3875698796983,2314.6037552249013,-12029200.0
2022-03-15,51700,52100,51100,51300,538160,52721.73934377699,54477.43053348296,41.42498774642158,-1755.691189705969,2227.3590273681925,-12567360.0
2022-03-16,51900,52200,50500,51300,755341,52503.01021396515,54242.06530878052,41.42498774642157,-1739.0550948153686,2189.4941332166704,-12567360.0
2022-03-17,52200,53500,52200,52600,1044778,52517.931719508975,54120.43084146344,45.34087237602837,-1602.4991219544681,2190.2481839172565,-11522582.0
2022-03-18,52800,53500,52500,53500,2849280,52669.01914727682,54074.47300135504,47.93588702665839,-1405.4538540782232,2104.84853491347,-8673302.0
2022-03-21,53500,53900,53200,53500,466488,52796.862355388075,54031.91944569912,47.9358870266584,-1235.057090311042,2004.0837623522432,-8673302.0
2022-03-22,53700,53900,53200,53700,429391,52935.80660840529,54007.332820091775,48.56523484687118,-1071.5262116864833,1910.574340119865,-8243911.0
2022-03-23,54700,55700,53600,55700,1134935,53361.0671301891,54132.715574159054,54.489669716407946,-771.6484439699561,1924.1533663828063,-7108976.0
2022-03-24,56200,56700,55100,55600,1067574,53705.51834092924,54241.40330940653,54.153797736448695,-535.884968477294,1900.9223134294155,-8176550.0
2022-03-25,56100,56100,55000,55100,479075,53920.05398078628,54305.00306426531,52.41414411633056,-384.94908347902674,1843.536402762107,-8655625.0
2022-03-28,55400,57800,55300,56700,1375202,54347.737983742234,54482.4102446901,57.15708331791819,-134.67226094786747,1904.8882626153534,-7280423.0
2022-03-29,57500,59200,57000,57500,1202082,54832.70137085882,54705.93541175009,59.33930638972838,126.76595910872857,1947.50970665537,-6078341.0
2022-03-30,57900,58300,56100,56200,726742,55043.05500611131,54816.60686273157,54.48286553671813,226.44814337974094,1965.589419854893,-6805083.0
2022-03-31,56200,57300,56200,56800,635073,55313.35423594034,54963.5248728996,56.26207230477689,349.8293630407352,1903.619358863558,-6170010.0
2022-04-01,56200,56900,55600,56300,467632,55465.14589194951,55062.523030462595,54.35530845018556,402.6228614869178,1860.411596007643,-6637642.0
2022-04-04,56300,56400,55700,56200,293418,55578.200370111124,55146.78058376166,53.96141460802013,431.4197863494628,1777.3606802309714,-6931060.0
2022-04-05,56500,57200,55700,56500,393098,55720.01569778634,55247.019059038576,55.01462351769568,472.9966387477616,1757.5127261937564,-6537962.0
2022-04-06,56400,58000,56000,56700,941636,55870.78251351151,55354.64727688757,55.741536311234036,516.1352366239444,1774.8628544909532,-5596326.0
2022-04-07,55800,56600,55100,55400,590127,55798.35443450974,55358.00673785886,50.07720000142187,440.3476966508824,1762.352826619972,-6186453.0
2022-04-08,56000,56200,55000,56200,470260,55860.146059969775,55420.37660912857,53.2270928389905,439.76945084120234,1722.125574865254,-5716193.0
2022-04-11,56200,56700,55500,56100,408186,55897.04666612827,55470.719082526455,52.77881100287151,426.3275836018147,1684.7798634903659,-6124379.0
2022-04-12,55800,56000,55300,55400,417909,55820.577948262384,55465.48063196894,49.62796221226623,355.09731629344606,1621.5010163238294,-6542288.0
2022-04-13,55900,57200,55600,57000,591974,56002.027494683556,55579.148733304566,56.081813892125766,422.87876137899,1634.265982539631,-5950314.0
2022-04-14,57700,58200,57000,57500,643057,56232.48480319377,55721.43401231905,57.89722459014241,511.05079087472404,1603.2130124783655,-5307257.0
2022-04-15,56800,57300,55200,57100,795951,56365.9486796255,55823.55001140652,55.90625083727349,542.3986682189789,1653.0341217621078,-6103208.0
2022-04-18,56300,56800,55700,55700,322032,56263.4950366062,55814.398158709744,49.49135169970989,449.0968778964525,1634.9431911428433,-6425240.0
2022-04-19,56100,56900,55900,56500,255533,56299.88041558986,55865.183480286796,52.82262218296555,434.6969353030654,1603.8485845463044,-6169707.0
2022-04-20,56600,56900,56000,56700,396524,56361.437274729884,55927.02174100629,53.645733468369755,434.4155337235934,1553.532761942478,-5773183.0
2022-04-21,56800,56800,56100,56300,387787,56351.9853863099,55954.64976019101,51.70281909845936,397.3356261188892,1492.520056776603,-6160970.0
2022-04-22,55600,55700,54700,55400,502463,56205.52609610838,55913.56459276945,47.531554918028284,291.9615033389273,1500.202583299273,-6663433.0
2022-04-25,54500,55300,53900,54500,392313,55943.137465937856,55808.856104416154,43.731961611139205,134.2813615217019,1500.1881036344105,-7055746.0
2022-04-26,54800,55200,54200,54400,302706,55705.731701947414,55704.49639297792,43.317616878717644,1.235308969495236,1464.438764734432,-7358452.0
2022-04-27,53200,53500,52500,52800,560915,55258.696055493965,55489.34851201659,37.23826877204377,-230.6524565226282,1495.5677603582278,-7919367.0
2022-04-28,53700,53700,52200,52600,522339,54849.66589311028,55275.32269631166,36.54779321112313,-425.656803201382,1495.8845140561266,-8441706.0
2022-04-29,53000,53300,52400,52700,540863,54518.94806340101,55084.558052140426,37.17505042649123,-565.6099887394157,1453.3007176459557,-7900843.0
2022-05-02,51600,52600,51200,51400,546970,54039.10989980085,54811.62782605595,32.65560903902721,-772.5179262550955,1456.6378809445712,-8447813.0
2022-05-03,51600,52200,51200,51400,354520,53633.09299213918,54558.914653755506,32.65560903902721,-925.8216616163263,1424.0072676804436,-8447813.0
2022-05-04,51600,51700,50200,50500,505159,53151.07868565623,54258.254309032876,29.751514230650134,-1107.1756233766428,1429.4374249107905,-8952972.0
2022-05-06,49400,49600,48000,48400,1233078,52420.14350324758,53824.30954540081,24.317370890632162,-1404.1660421532288,1505.9337149047515,-10186050.0
2022-05-09,47700,47700,45750,45850,1132849,51409.352195055646,53233.619949445194,19.628966897566787,-1824.267754389548,1587.6800579004632,-11318899.0
2022-05-10,45000,46250,43950,46200,849626,50607.913395816315,52712.611064301105,21.855949749458357,-2104.6976684847905,1638.5758499198241,-10469273.0
2022-05-11,45650,45700,44150,44700,763444,49699.0036426138,52119.084318797315,19.377789158283427,-2420.080676183512,1667.971760934382,-11232717.0
2022-05-12,43600,44250,42800,43100,814613,48683.77231298092,51451.0039988864,17.144713661760637,-2767.2316859054845,1684.5496429665425,-12047330.0
2022-05-13,43500,44650,43450,44400,439992,48024.73041867616,50928.7074063763,24.73408144003617,-2903.976987700138,1674.9365653935647,-11607338.0
2022-05-16,44900,45200,44000,44600,333061,47497.84881580291,50459.914265163236,25.859240021258653,-2962.065449360329,1641.0046954263787,-11274277.0
2022-05-17,44600,45300,44250,44650,444864,47059.718228756305,50029.55024552152,26.156442668030138,-2969.8320167652128,1598.7810273773246,-10829413.0
2022-05-18,44700,45100,44000,45000,441373,46742.83850125533,49656.99096807548,28.32245771032186,-2914.1524668201455,1563.1467214057468,-10388040.0
2022-05-19,44150,44900,43800,44700,456368,46428.55565490836,49289.80645192174,27.575811184523197,-2861.250797013374,1537.202876836662,-10844408.0
2022-05-20,45050,47250,44950,46350,978997,46416.470169537846,49072.04301103865,37.357241363985814,-2655.572841500805,1609.557941040267,-9865411.0
2022-05-23,46550,46950,46100,46950,319475,46498.55168191664,48914.8546398506,40.50396590072142,-2416.3029579339636,1555.2951585007356,-9545936.0
2022-05-24,46800,46950,45450,45500,302186,46344.92834623715,48661.90244430611,35.82094280810747,-2316.9740980689603,1551.3449200085108,-9848122.0
2022-05-25,45550,46250,45200,45950,238084,46284.170139123744,48461.02078176492,38.208674146436664,-2176.850642641177,1515.5296492461916,-9610038.0
2022-05-26,45800,46500,45100,45500,282728,46163.52857925855,48241.6859090416,36.736775701101536,-2078.1573297830473,1507.276478816813,-9892766.0
2022-05-27,46150,46700,45850,46000,363274,46138.370336295695,48075.63510096444,39.52442452588379,-1937.2647646687474,1485.3255592126181,-9529492.0
2022-05-30,46550,47300,46400,47100,326036,46286.31336148097,48003.36583422634,45.24116294040652,-1717.0524727453667,1472.0865633438984,-9203456.0
2022-05-31,47650,47650,46700,47300,674379,46442.26515202236,47951.26466132068,46.236292246435404,-1508.9995092983227,1434.790857425941,-8529077.0
2022-06-02,47250,47250,46000,46150,333248,46397.301282480454,47817.837649371,41.55949938114556,-1420.5363668905484,1425.1620260018267,-8862325.0
2022-06-03,47050,47600,46700,46950,792675,46482.33185440653,47753.553379047225,45.676048644236225,-1271.2215246406922,1426.9363232287594,-8069650.0
2022-06-07,46200,46500,45250,45250,836987,46292.74233834399,47568.10498059929,39.3352379321006,-1275.3626422552989,1446.4424664077258,-8906637.0
2022-06-08,45500,46000,45400,45850,397682,46224.628132444916,47440.837944999344,42.37576216126751,-1216.209812554429,1396.692798917626,-8508955.0
2022-06-09,45900,46500,45350,46500,392956,46266.9930351457,47371.14624536977,45.559109170509835,-1104.1532102240672,1379.070642385154,-8115999.0
2022-06-10,45700,46450,45600,45600,248141,46164.378722046364,47239.95022719423,42.09181803872892,-1075.5715051478692,1344.8490705639208,-8364140.0
2022-06-13,44400,44500,43000,43000,466154,45677.55122634692,46925.87983999466,34.03360775594292,-1248.32861364774,1434.5081584346499,-8830294.0
2022-06-14,41500,43250,41500,42900,410638,45250.23565306278,46627.66651851358,33.765857416757456,-1377.4308654507986,1457.044562031547,-9240932.0
2022-06-15,42300,43150,41600,41850,400814,44727.122475668504,46273.765294919984,31.007428634611482,-1546.6428192514795,1463.6845841941044,-9641746.0
2022-06-16,42700,43250,42050,42300,594783,44353.71901787334,45979.412310111096,33.51423373702694,-1625.6932922377528,1459.1354639219599,-9046963.0
2022-06-17,41450,43150,41250,43050,528261,44153.14686127744,45762.418805658424,37.58468745518228,-1609.2719443809838,1490.627211122836,-8518702.0
2022-06-20,43250,43400,41350,41800,306724,43791.12426723476,45468.90630153558,33.863516439669034,-1677.7820343008207,1530.5840871025634,-8825426.0
2022-06-21,41800,42150,41250,41500,374007,43438.6436107371,45174.91324216257,33.01858196689026,-1736.2696314254717,1485.5406113804343,-9199433.0
2022-06-22,41700,41950,40500,40600,469913,43001.92920908523,44836.03077978016,30.555460932174164,-1834.1015706949256,1483.0019044218684,-9669346.0
2022-06-23,40500,40950,39000,39000,554839,42386.247792302886,44403.73220350015,26.73689370250102,-2017.4844111972634,1516.360032055472,-10224185.0
2022-06-24,39000,41400,38900,40950,940326,42165.28659348706,44147.900188426065,37.060556534946976,-1982.6135949390082,1586.6222218942994,-9283859.0
2022-06-27,41150,42250,40600,41950,390197,42132.16557910443,43985.09276706117,41.60493702698642,-1852.9271879567386,1591.149337198604,-8893662.0
2022-06-28,41600,42100,40800,41400,267659,42019.52472078067,43793.604413945526,39.89863012970862,-1774.0796931648583,1570.3523965032098,-9161321.0
2022-06-29,40550,41100,39850,40750,419753,41824.21322527595,43568.152235134745,37.919344597516755,-1743.9390098587974,1568.8986175806206,-9581074.0
2022-06-30,40400,40450,39050,39050,625292,41397.411190618106,43233.47429179143,33.27064076421921,-1836.0631011733203,1578.2632192566941,-10206366.0
2022-07-01,39650,40100,38700,38950,539573,41020.886392061475,42916.17989980688,33.014246557257245,-1895.2935077454022,1565.5298579059809,-10745939.0
2022-07-04,38950,39100,37750,38200,509241,40586.90387020586,42566.83324056192,31.079739325167385,-1979.9293703560616,1550.1345601451799,-11255180.0
2022-07-05,38450,39550,38050,39550,420734,40427.38019786649,42343.36411163141,38.10963964690597,-1915.9839137649178,1546.5534536275916,-10834446.0
2022-07-06,38950,39250,38050,38100,449397,40069.32170588703,42029.040844103154,34.08783814527733,-1959.7191382161254,1543.2281495945547,-11283843.0
2022-07-07,38600,40000,38500,39600,483538,39997.1183665198,41849.11189268811,41.02185422525232,-1851.993526168313,1568.7122612809262,-10800305.0
2022-07-08,39950,40650,39500,39800,577243,39966.79246397829,41697.325826563065,41.89950659274125,-1730.533362584778,1538.8037978929506,-10223062.0
2022-07-11,39800,40150,39250,39800,220225,39941.132084904704,41556.78317274358,41.89950659274123,-1615.6510878388726,1493.1743251606174,-10223062.0
2022-07-12,39400,39950,39100,39500,218356,39873.265610303984,41404.42886365146,40.84219946037459,-1531.1632533474767,1447.2327129090024,-10441418.0
2022-07-13,39950,41150,39700,40600,464437,39985.07090102645,41344.84154041802,46.20273931449927,-1359.7706393915723,1461.7162629905993,-9976981.0
2022-07-14,40450,40500,39800,39800,330965,39956.59845471469,41230.40883372039,43.14099675739571,-1273.8103790056994,1414.450293108814,-10307946.0
2022-07-15,40100,40550,39050,40350,416958,40017.12176937396,41165.19336455592,45.80022617023434,-1148.0715951819584,1420.5610491872799,-9890988.0
2022-07-18,40650,41450,40600,40950,272940,40160.64149716258,41149.25311532956,48.62313842547615,-988.6116181669786,1397.663613127134,-9618048.0
2022-07-19,40850,40900,40200,40400,221094,40197.46588221449,41093.752884564405,46.245397441530265,-896.2870023499127,1351.4015169977204,-9839142.0
2022-07-20,41400,41950,40800,41500,440633,40397.855746489186,41123.84526348556,51.36765536889646,-725.9895169963711,1365.587239519189,-9398509.0
2022-07-21,41600,42000,41400,41750,263918,40605.877939337,41170.22709581996,52.47603980397103,-564.3491564829601,1310.9020193416895,-9134591.0
2022-07-22,41350,41950,41000,41150,197824,40689.589025592846,41168.728792425885,49.55683415989078,-479.1397668330392,1285.1231209843254,-9332415.0
2022-07-25,41150,41850,41000,41600,171760,40829.65225242471,41200.67480780175,51.72585714986378,-371.02255537703604,1254.0426935287846,-9160655.0
2022-07-26,41300,41600,41150,41600,142252,40948.167290513215,41230.25445166828,51.72585714986377,-282.0871611550683,1196.6107216207058,-9160655.0
2022-07-27,41850,43150,41350,42500,419925,41186.910784280415,41324.30967747063,56.103965183633576,-137.39889319021313,1239.7102003411965,-8740730.0
2022-07-28,43000,43450,42350,42700,309256,41419.69374054497,41426.21266432466,57.036455175071914,-6.518923779687611,1229.7308477375866,-8431474.0
2022-07-29,43150,43500,42550,42750,239615,41624.356241999594,41524.2709854858,57.28077960715607,100.0852565137975,1209.7499751435766,-8191859.0
2022-08-01,42800,42950,42000,42450,264919,41751.378358615046,41592.84350507944,55.25057627137805,158.53485353560245,1191.1963212012483,-8456778.0
2022-08-02,42050,42450,41200,41200,336729,41666.550918828114,41563.74398618467,47.66929232068581,102.80693264344154,1195.3966016914637,-8793507.0
2022-08-03,40950,41800,40900,41800,275917,41687.08154670071,41581.24443165248,51.13528202459906,105.83711504823441,1174.2967617759805,-8517590.0
2022-08-04,42100,42650,41900,42000,235767,41735.22284720829,41612.263362641184,52.270095934619015,122.95948456710903,1151.1326231066676,-8281823.0
2022-08-05,42300,42950,42000,42650,195350,41875.95779379163,41689.13274318629,55.85806481077279,186.8250506053446,1136.7659586461216,-8086473.0
2022-08-08,42550,43150,42050,43000,284283,42048.887363977534,41786.23402146879,57.70188469205256,262.6533425087473,1134.1398105064095,-7802190.0
2022-08-09,42550,43050,42050,42200,266670,42072.13546182714,41816.883353211844,52.32216714254036,255.25210861529922,1124.5583675663072,-8068860.0
2022-08-10,42350,43000,42100,42300,376555,42107.19154462296,41852.66977149245,52.91313511889321,254.52177313050925,1108.5184407924485,-7692305.0
2022-08-11,42950,43950,42800,43750,460607,42359.93130698866,41993.2127513819,60.54899864299662,366.7185556067634,1147.195792144499,-7231698.0
2022-08-12,43600,43950,43150,43250,195164,42496.864952067335,42086.308103131385,57.10981160542071,410.55684893595026,1122.396034878982,-7426862.0
2022-08-16,43500,43800,43200,43700,206996,42681.96265174928,42205.84083623276,59.34781097158124,476.12181551651884,1085.0819515955993,-7219866.0
2022-08-17,44200,44750,43350,43750,312097,42846.276089941704,42320.22299651181,59.600057343191324,526.053093429895,1107.5761431354967,-6907769.0
2022-08-18,43550,43850,42650,43600,200259,42962.23361456605,42415.021293066486,58.42874296951425,547.2123214995663,1114.1778595221417,-7108028.0
2022-08-19,43450,43600,42950,42950,254309,42960.35152001742,42454.649345431935,53.52021339033711,505.7021745854872,1081.022240650078,-7362337.0
2022-08-22,42000,42550,41150,41200,398310,42689.52820924551,42361.71235688142,43.037353093509786,327.81585236408864,1132.3778775588203,-7760647.0
2022-08-23,40750,40950,40000,40400,467729,42337.29310013082,42216.40033044576,39.252365839797875,120.89276968505874,1137.208036381704,-8228376.0
2022-08-24,40550,40700,40200,40500,273713,42054.632623187616,42089.259565227556,39.96313984404399,-34.62694203994033,1091.6931134657084,-7954663.0
2022-08-25,40700,41550,40650,41000,230276,41892.38145038952,42008.573671506994,43.521423737170856,-116.19222111747513,1088.7150300941357,-7724387.0
2022-08-26,41350,41350,40800,41100,279671,41770.476611868056,41941.27191806203,44.233312521791085,-170.795306193977,1050.2353390352696,-7444716.0
2022-08-29,39250,39850,39250,39600,360870,41436.557133119124,41767.84436857596,36.75046076363489,-331.28723545683897,1107.3614497316134,-7805586.0
2022-08-30,39650,39950,39400,39750,296783,41177.08680494695,41618.37441534812,37.88212848131254,-441.2876104011666,1067.5498765252973,-7508803.0
2022-08-31,39400,40750,39150,40500,554175,41072.91960418588,41535.53186606307,43.340796859836,-462.6122618771915,1105.5820646451793,-6954628.0
2022-09-01,39950,40400,39400,39400,482236,40815.54735738805,41377.34432042877,38.05833858172431,-561.796963040717,1105.1833453871823,-7436864.0
2022-09-02,39500,39750,38750,39050,368877,40543.924687020655,41204.94844484145,36.53260108091076,-661.0237578207962,1097.6702430806347,-7805741.0
2022-09-05,38800,39350,38750,39050,329220,40314.090119786706,41045.322634112454,36.53260108091077,-731.2325143257476,1062.1223413024265,-7805741.0
2022-09-06,39050,40200,39050,40200,334046,40296.53779366567,40982.70614269672,44.94342177416134,-686.1683490310461,1068.3993213954186,-7471695.0
2022-09-07,39850,40500,39200,39850,389042,40227.83967156326,40898.80198397845,43.072553621255516,-670.962312415184,1084.9422379534467,-7860737.0
2022-09-08,39850,45850,39550,42100,2362582,40515.86433747661,40987.77961479486,55.80812953308701,-471.91527731825045,1457.4465926304806,-5498155.0
2022-09-13,42650,43650,42600,43400,604778,40959.57751632636,41166.46260629154,61.208013453246274,-206.88508996518067,1464.0575540705543,-4893377.0
2022-09-14,41750,43350,41750,42650,475851,41219.642513814615,41276.35426508477,56.88910742743255,-56.71175127015158,1477.3391643857976,-5369228.0
2022-09-15,42850,43200,41900,42600,377620,41432.00520399698,41374.40209730071,56.60236400513471,57.60310669627506,1464.6720749855149,-5746848.0
2022-09-16,42100,42200,41600,41750,331785,41480.92748030514,41402.22416416732,51.82047653831798,78.70331613782037,1431.4811973287517,-6078633.0
2022-09-19,41650,42100,40800,40800,249965,41376.16940641204,41357.61496682159,47.03749874700916,18.554439590450784,1422.0896792512244,-6328598.0
2022-09-20,41700,41750,40000,40200,352797,41195.22026696403,41271.86571001999,44.25899589305247,-76.64544305596064,1445.5118542420582,-6681395.0
2022-09-21,39900,40050,39600,39600,255185,40949.80176435418,41148.02380557407,41.611904683468595,-198.22204121988761,1385.1181282847742,-6936580.0
2022-09-22,39050,39500,38200,39450,277518,40719.063031376616,41022.244264420435,40.95246946735487,-303.1812330438188,1386.1811194824938,-7214098.0
2022-09-23,39750,39800,38850,39000,180572,40454.591795780216,40872.44839298189,38.9578700671197,-417.85659720167314,1355.025315410998,-7394670.0
2022-09-26,38700,38750,36800,37000,471118,39923.11613489095,40585.600363872116,31.592951421823624,-662.484228981164,1415.3806676940308,-7865788.0
2022-09-27,36900,37200,35450,36150,545763,39342.63672952311,40257.03737395567,29.07703355040704,-914.4006444325569,1439.2820550705499,-8411551.0
2022-09-28,35650,36850,35250,36350,452897,38882.23107882725,39967.6271981071,30.47988756559962,-1085.3961192798452,1450.7619111776494,-7958654.0
2022-09-29,36750,37350,35400,35750,399553,38400.34937439229,39655.21036861768,28.649081953227437,-1254.8609942253897,1486.4217830235882,-8358207.0
2022-09-30,35200,36650,34800,36150,578351,38054.141778331934,39395.565156127486,31.598835905201156,-1341.4233777955524,1512.391661317259,-7779856.0
2022-10-04,36600,38250,36300,38100,337871,38061.196889357794,39299.59736678471,43.797243622819124,-1238.4004774269124,1554.3636939918129,-7441985.0
2022-10-05,38550,39100,38050,38850,383371,38182.55121407198,39266.29385813399,47.66320997748904,-1083.742644062011,1518.3377090884455,-7058614.0
2022-10-06,38800,39100,38600,38950,211516,38300.62025806091,39242.864683457396,48.17508329008605,-942.2444253964859,1445.5992886204685,-6847098.0
2022-10-07,38100,39200,38100,38900,299563,38392.83252605154,39217.46729949759,47.9227053335999,-824.6347734460505,1420.9136211529467,-7146661.0
2022-10-11,38100,38650,37100,37500,334843,38255.47367588976,39090.24749953481,41.38513939279037,-834.7738236450459,1447.9912237107374,-7481504.0
2022-10-12,37100,38650,36550,38150,347635,38239.24695652211,39020.59953660631,45.127934621318765,-781.3525800841962,1494.563285658093,-7133869.0
2022-10-13,37800,38700,37650,38100,314032,38217.824347826405,38952.40697833917,44.89047821350414,-734.582630512763,1462.8087611397627,-7447901.0
2022-10-14,38450,39000,38150,38400,434148,38245.851371237724,38911.487942906635,46.70257179898898,-665.6365716689106,1422.6081305076239,-7013753.0
2022-10-17,37950,39400,37550,39400,288103,38423.412698739616,38947.674021209845,52.32945066437951,-524.2613224702291,1453.1361245960613,-6725650.0
2022-10-18,39850,40100,38900,39400,233360,38573.65689893352,38981.17964926837,52.32945066437951,-407.52275033485057,1435.0549709635582,-6725650.0
2022-10-19,39600,39750,38550,38750,260359,38600.7866067899,38964.05523080405,48.471715362819914,-363.2686240141484,1418.2653285631843,-6986009.0
2022-10-20,38500,39000,37750,38200,263465,38539.12712882222,38907.458547040784,45.4205045155418,-368.33141821856407,1406.2463754479259,-7249474.0
2022-10-21,38050,38500,37800,37950,185827,38448.492185926494,38836.53569170443,44.06276159900511,-388.0435057779323,1355.8002015832296,-7435301.0
2022-10-24,38750,39150,38050,38600,211566,38471.80108039934,38819.01452935595,48.38307958491619,-347.2134489566088,1344.671614897584,-7223735.0
2022-10-25,38600,38800,37950,38000,179050,38399.21629879944,38758.34678644069,44.933194978157985,-359.13048764125415,1309.3379255887846,-7402785.0
2022-10-26,37850,39150,37550,39000,396240,38491.6445605226,38776.24702448212,51.181075316806464,-284.6024639595198,1330.0995037130685,-7006545.0
2022-10-27,39350,39400,38800,39000,322002,38569.85308967297,38792.82131896493,51.181075316806464,-222.9682292919606,1277.9495359419193,-7006545.0
2022-10-28,38950,39100,36650,36750,512487,38289.87569126175,38641.501221263825,39.48943120941707,-351.62553000207845,1361.6674310320398,-7519032.0
2022-10-31,37050,37400,36400,36950,282164,38083.74096952917,38516.204834503544,40.78432756067378,-432.463864974372,1335.8340417257357,-7236868.0
2022-11-01,36550,36950,36200,36750,284917,37878.55005114007,38385.37484676254,39.86559996850038,-506.8247956224732,1293.9887509622165,-7521785.0
2022-11-02,36350,37350,36050,37200,545828,37774.157735580055,38297.56930255791,42.978052257340806,-523.4115669778548,1294.4181259131988,-6975957.0
2022-11-03,37400,38800,36200,36850,935373,37631.97962241389,38190.34194681288,41.19224179681934,-558.362324398986,1387.6739780376813,-7911330.0
2022-11-04,36250,36700,35700,36600,557953,37473.213526657906,38072.53883964155,39.91640050946181,-599.3253129836448,1370.697264648693,-8469283.0
2022-11-07,36900,38100,36750,38100,447031,37569.64221486438,38074.5729996681,49.935852779271926,-504.9307848037133,1379.9331746561263,-8022252.0
2022-11-08,38000,39000,38000,38550,315453,37720.466489500635,38109.789814507494,52.495212641650106,-389.3233250068588,1352.7950898258578,-7706799.0
2022-11-09,38600,39200,38400,39100,356271,37932.70241419284,38183.13871713657,55.490200259605515,-250.43630294372997,1313.3097250154426,-7350528.0
2022-11-10,38700,39350,38600,39100,358548,38112.286658163175,38251.05436771905,55.49020025960552,-138.76770955587563,1273.0733149016276,-7350528.0
2022-11-11,40600,40900,40000,40800,547865,38525.78101844576,38439.86515529542,63.69518040460043,85.9158631503451,1310.710936294338,-6802663.0
2022-11-14,40650,41200,40400,40500,314038,38829.50701560795,38592.46773638465,61.53926739763753,237.0392792233033,1274.2315827762031,-7116701.0
2022-11-15,40550,40700,39600,40050,306075,39017.27516705288,38700.433089245045,58.3489516984498,316.8420778078362,1261.7864694275163,-7422776.0
2022-11-16,40350,40450,39450,40450,244711,39237.69437212167,38830.03063818986,60.31821894069335,407.663733931804,1243.0874354878465,-7178065.0
2022-11-17,39750,40050,39150,39200,219751,39231.8952379491,38857.43577610172,52.03812827001376,374.4594618473784,1247.1526187498785,-7397816.0
2022-11-18,39400,39700,38500,38500,303755,39119.29597057232,38830.95905194604,48.05945619362906,288.33691862627893,1243.7845744899175,-7701571.0
2022-11-21,38500,38700,37000,37250,441516,38831.71197509966,38713.85097402411,41.89895153330706,117.86100107554375,1276.3713911686455,-8143087.0
2022-11-22,37150,37150,36400,36650,329707,38496.06397893048,38560.9731240964,39.295181311522896,-64.90914516592602,1245.9162913040445,-8472794.0
2022-11-23,36900,37450,36850,37450,260624,38335.13105909502,38478.67881860778,44.26826201502274,-143.5477595127595,1214.0651271583567,-8212170.0
2022-11-24,37600,37700,37150,37450,178901,38198.95705000348,38402.4803875998,44.26826201502274,-203.52333759631438,1166.6319031245991,-8212170.0
2022-11-25,37500,37500,36950,37100,161473,38029.88673461833,38306.0003588887,42.50159385611628,-276.1136242703651,1122.5867666134732,-8373643.0
2022-11-28,36950,36950,36100,36450,270040,37786.82723698474,38168.51885082287,39.36001636970837,-381.6916138381275,1113.830568892328,-8643683.0
2022-11-29,36000,36850,36000,36650,206096,37611.93073898709,38056.03597298414,40.80976903589147,-444.10523399704834,1094.9855280455301,-8437587.0
2022-11-30,36450,37800,36200,37450,1487473,37587.01831760446,38011.14441942976,46.33638676994246,-424.126101825299,1131.0579907041538,-6950114.0
2022-12-01,37950,38200,37400,37500,365908,37573.63088412685,37973.28186984237,46.67153212062257,-399.65098571552517,1107.410991139167,-6584206.0
2022-12-02,37500,37700,36900,36900,253146,37469.995363491944,37893.77950911331,43.18605117687851,-423.7841456213646,1085.4530630032218,-6837352.0
2022-12-05,36800,37350,36250,36300,346288,37289.996076800875,37775.72176769751,39.97132571107661,-485.7256908966374,1086.4921299402383,-7183640.0
2022-12-06,35950,36250,35650,35650,402108,37037.68898806228,37618.26089601621,36.7773770074789,-580.571907953934,1055.3141204170752,-7585748.0
2022-12-07,35550,35650,35150,35200,386858,36754.96760528346,37439.13045927427,34.7095589658569,-684.1628539908052,1015.6488258160174,-7972606.0
2022-12-08,35200,35750,35050,35600,541102,36577.280281393694,37302.8985734021,38.04417528892074,-725.6182920084029,993.1024809641548,-7431504.0
2022-12-09,35850,36100,35400,35900,398254,36473.08331502543,37198.98016055749,40.49870684942127,-725.8968455320573,972.1665893367589,-7033250.0
2022-12-12,35900,36150,35350,36100,165057,36415.6858819446,37117.57422273842,42.14431320496781,-701.8883407938192,959.8689757418217,-6868193.0
2022-12-13,36200,36250,35600,35800,158235,36320.964977030046,37019.976132165204,40.34198945536479,-699.0111551351583,937.7354773560847,-7026428.0
2022-12-14,36050,36250,35800,35900,168781,36256.20113441004,36937.014937190004,41.24399562447564,-680.813802779965,902.8972288003631,-6857647.0
2022-12-15,35900,35900,35300,35300,225821,36109.09326757773,36815.75457147223,37.57324116501089,-706.6613038944997,881.2617123576332,-7083468.0
2022-12-16,34800,35300,34650,35100,495420,35953.84814948885,36688.66164025207,36.409976775262194,-734.8134907632193,864.7430185470146,-7578888.0
2022-12-19,35000,35800,34950,35300,232507,35853.25612649057,36585.797815048216,38.46175109997206,-732.5416885576487,863.689945789466,-7346381.0
2022-12-20,35000,35300,34600,34750,241700,35683.524414722786,36449.81279171131,35.10706063819689,-766.2883769885229,851.997806761302,-7588081.0
2022-12-21,35050,35050,34500,34750,173562,35539.905273996206,36323.900733066024,35.107060638196884,-783.995459069818,830.4265347757681,-7588081.0
2022-12-22,34850,35900,34800,35900,260662,35595.30446261218,36292.50067876483,46.43625122564263,-697.1962161526535,853.2532109359387,-7327419.0
2022-12-23,35550,35550,34850,34900,215691,35488.33454528723,36189.3524803378,39.91121110589324,-701.0179350505714,867.3065530535187,-7543110.0
2022-12-26,34850,35150,34450,34650,202042,35359.359999858425,36075.32637068315,38.456358862475504,-715.9663708247244,855.3560849454383,-7745152.0
2022-12-27,34850,35400,34800,35350,251498,35357.91999988021,36021.59849137329,44.55115521132113,-663.6784914930831,847.830650287282,-7493654.0
2022-12-28,34650,34900,34400,34500,230423,35225.93230759094,35908.887492012305,39.44313083742462,-682.9551844213638,855.1284609983336,-7724077.0
2022-12-29,34250,34350,33300,33550,324278,34968.09656796157,35734.15508519657,34.66000337017397,-766.0585172350038,879.7621424097767,-8048355.0
2023-01-02,33350,33900,32850,32900,186679,34649.92786519825,35524.217671478305,31.817018853108056,-874.2898062800523,891.921989405342,-8235034.0
2023-01-03,32500,33150,31100,32000,375220,34242.24665516775,35263.16451062806,28.349597442908834,-1020.9178554603131,974.6418474618378,-8610254.0
2023-01-04,31750,33450,31600,33450,336960,34120.36255437271,35128.85602835932,39.74325109248436,-1008.4934739866076,1037.1674298961013,-8273294.0
2023-01-05,33100,33750,32900,33400,351407,34009.537546007676,35000.79261885122,39.50993890676437,-991.2550728435453,1023.7983277388039,-8624701.0
2023-01-06,32850,34100,32850,34050,253522,34015.76253892957,34930.36353597335,44.1038634607705,-914.6009970437808,1039.9555900677087,-8371179.0
2023-01-09,34450,34900,34050,34800,232052,34136.41445601733,34920.70697775311,48.92389821072418,-784.292521735777,1026.38733361517,-8139127.0
2023-01-10,34800,35600,34700,35150,276678,34292.350693553126,34937.69164606769,51.0454465703162,-645.3409525145616,1017.3596669165526,-7862449.0
2023-01-11,35300,35850,35100,35600,341936,34493.52750992957,34986.75152413675,53.70783743419508,-493.22401420718234,998.2625478278673,-7520513.0
2023-01-12,35700,36200,35350,35950,316554,34717.60020070964,35058.103263089586,55.72471839884509,-340.50306237994664,987.672365828207,-7203959.0
2023-01-13,36050,36450,35650,35850,248109,34891.81555444662,35116.762280638504,54.987571611480426,-224.9467261918835,974.2671968264257,-7452068.0
2023-01-16,35850,36050,35450,35700,214620,35016.1516229933,35159.965074665284,53.8371316718628,-143.81345167198742,947.5338255985159,-7666688.0
2023-01-17,35600,36150,35600,35600,222459,35105.9744502251,35192.56025431971,53.04042251386597,-86.58580409461138,919.1385523158136,-7889147.0
2023-01-18,35500,35850,35100,35500,167325,35166.59376557508,35215.333568814545,52.20838513095945,-48.73980323946307,907.0572271402584,-8056472.0
2023-01-19,35050,35500,34900,35300,209065,35187.11780164045,35221.605156309764,50.502068172092116,-34.48735466931248,885.1245680417181,-8265537.0
2023-01-20,35050,35450,34750,35250,248287,35196.79198600346,35223.7084780646,50.061565481487854,-26.916492061136523,871.9013846005975,-8513824.0
2023-01-25,35650,36750,35650,36750,550049,35435.74706507985,35336.76710931907,61.040470800712804,98.97995576077665,916.765571444989,-7963775.0
2023-01-26,36600,37450,36550,37400,651019,35737.93982429834,35489.599175295436,64.66563882620751,248.34064900290105,915.5680306267425,-7312756.0
2023-01-27,37150,38050,37000,37700,550261,36039.79523594475,35653.332569718,66.22759557352352,386.46266622675466,925.1703141589675,-6762495.0
2023-01-30,37850,38150,37250,37550,367640,36272.134430414786,35793.82645344259,64.68784930743466,478.3079769721953,923.3724345752169,-7130135.0
2023-01-31,37550,37850,36250,36250,959658,36268.72913342789,35827.61708652091,53.153811730471894,441.11204690697923,971.7029749868476,-8089793.0
2023-02-01,36400,36950,36300,36950,311314,36373.54003597745,35910.756561593436,57.5435781375442,462.78347438401397,952.2956196216408,-7778479.0
2023-02-02,37400,37500,36750,37000,605459,36469.91849198092,35991.44126073466,57.84742024364497,478.4772312462592,937.8459324995846,-7173020.0
2023-02-03,36950,36950,36050,36600,296971,36489.93103167616,36036.51968586542,54.48788509214831,453.41134581073857,938.714080178533,-7469991.0
2023-02-06,36550,36550,35850,35850,228603,36391.48010372598,36022.70341283835,48.7688393639667,368.77669088762923,925.2345030179166,-7698594.0
2023-02-07,35650,36100,35250,36000,255318,36331.25239546045,36021.021678554025,49.901406180306566,310.23071690642246,919.8606099433548,-7443276.0
2023-02-08,36150,37350,36000,37250,274261,36472.59818077423,36112.05710977224,58.19529546404324,360.541071001986,950.5848521000981,-7169015.0
2023-02-09,36700,37100,36550,36850,280084,36530.65999911666,36166.719546085405,55.05435955952158,363.9404530312531,932.6859340876252,-7449099.0
2023-02-10,36500,37200,36500,37200,202479,36633.63538386794,36243.258838967966,57.22959988626008,390.3765448999766,916.0655102196338,-7246620.0
2023-02-13,36900,37150,36300,36550,220124,36620.768401734415,36265.980406451825,52.17897396303845,354.7879952825897,914.9179737750799,-7466744.0
2023-02-14,36850,37100,36550,37000,333588,36679.111724544506,36320.352228196134,55.13122030081934,358.7594963483716,888.8524042135105,-7133156.0
2023-02-15,37050,37550,36100,36350,461758,36628.47915153766,36322.548359440865,50.3007066365938,305.93079209679127,928.9343753499791,-7594914.0
2023-02-16,36700,37200,36500,37200,528000,36716.40543591648,36387.54477726006,55.759604433522235,328.8606586564201,923.2962056809658,-7066914.0
2023-02-17,36750,37200,36650,36750,277127,36721.573830390866,36414.39331227783,52.47355915499172,307.18051811303303,896.6321909843849,-7344041.0
2023-02-20,36800,38600,36700,38450,434077,36987.48554879227,36565.17899284984,61.66477502711069,422.30655594242853,968.3013202124733,-6909964.0
2023-02-21,38500,38600,37700,37900,250091,37127.87238743962,36664.05462300911,57.772048514006066,463.8177644305033,963.4226544822089,-7160055.0
2023-02-22,37400,37400,36250,36600,430989,37046.661250910445,36659.309836119544,49.773990524711785,387.3514147909009,1012.4638934552511,-7591044.0
2023-02-23,36650,38650,36600,37850,488110,37170.25182769346,36747.5091075181,56.071445081998284,422.74272017535986,1086.5736153618086,-7102934.0
2023-02-24,38000,40000,38000,39300,909815,37497.90539266369,36936.5825069612,62.02026675982938,561.3228857024951,1162.5326428459623,-6193119.0
2023-02-27,39700,39750,38050,38700,687230,37682.84302456158,37067.20602496407,58.490566759865175,615.636999597511,1200.9231683616567,-6880349.0
2023-02-28,38750,39200,38000,38350,557559,37785.48255924441,37162.22780089265,56.471570527834835,623.2547583517589,1200.857227764388,-7437908.0
2023-03-02,38350,39800,38350,38900,722300,37956.94678089912,37290.951667493195,58.87397298727773,665.9951134059229,1218.653140068807,-6715608.0
2023-03-03,39100,40400,39100,40150,688753,38294.33958383771,37502.73302545666,63.76830497716444,791.6065583810487,1238.7493443515732,-6026855.0
2023-03-06,40450,41300,40000,40850,686767,38687.51810940114,37750.67872727469,66.19455752020023,936.8393821264544,1243.124391184001,-5340088.0
2023-03-07,40850,41950,40100,41700,650378,39150.97686180097,38043.221043772865,68.91652242675733,1107.7558180281048,1286.4726489602297,-4689710.0
2023-03-08,41150,41250,39950,40750,658870,39396.9804215239,38243.72318867858,62.827660216606155,1153.257232845317,1319.5817454656642,-5348580.0
2023-03-09,40700,41050,39500,39900,539848,39474.36804898176,38366.41035988757,57.898634158178375,1107.9576890941898,1336.040192219314,-5888428.0
2023-03-10,39500,39600,38400,38400,338899,39309.080656830716,38368.898481377386,50.386227517379645,940.1821754533303,1347.7516070615825,-6227327.0
2023-03-13,38950,39450,37700,38250,338394,39146.14517116445,38360.091186460544,49.69187370349283,786.0539847039036,1376.4836351304148,-6565721.0
2023-03-14,37850,38000,35850,35900,709931,38646.73822175453,38177.862209685685,40.31782222640666,468.87601206884574,1449.591946911072,-7275652.0
2023-03-15,36600,36700,35350,35650,902200,38185.701572253834,37990.61315711637,39.46489929658482,195.08841513746302,1442.4782364170394,-8177852.0
2023-03-16,35250,36350,35050,36000,332374,37849.43979190709,37843.160330663304,41.335999805741274,6.2794612437865,1432.301219529597,-7845478.0
2023-03-17,36450,37300,36450,36800,395162,37687.98751622908,37765.88919505862,45.48383747443215,-77.9016788295412,1422.8511324198994,-7450316.0
2023-03-20,36800,37400,36750,36850,301324,37559.06635988614,37698.0455509802,45.74205050541568,-138.97919109405484,1367.6474801018016,-7148992.0
2023-03-21,37250,37550,36850,37000,211357,37473.05615067289,37646.33847312981,46.559812252288125,-173.2823224569147,1319.9583743783267,-6937635.0
2023-03-22,37250,37450,36750,37250,284060,37438.73981980014,37616.98006771278,47.967390207931494,-178.24024791263946,1275.6756333496498,-6653575.0
2023-03-23,37250,37850,37050,37650,326685,37471.24138598474,37619.42598862295,50.226350677494715,-148.1846026382118,1241.6988023949255,-6326890.0
2023-03-24,37850,38500,37350,37500,259136,37475.665788140934,37610.579619095326,49.360920131940546,-134.91383095439232,1235.1488879379342,-6586026.0
2023-03-27,37700,37750,36450,36900,288539,37387.101820734635,37557.94409175494,45.95029802827121,-170.84227102030127,1239.7811102282203,-6874565.0
2023-03-28,36600,37500,36400,37350,357365,37381.39384831392,37542.54082569901,48.8072613564878,-161.1469773850913,1229.7967452116418,-6517200.0
2023-03-29,37450,38750,37400,38050,426191,37484.2563331887,37580.13039416575,52.97156244171519,-95.87406097705389,1241.9541205539808,-6091009.0
2023-03-30,38450,39650,38450,39300,606238,37763.60151269813,37707.528142746065,59.33321890438099,56.07336995206424,1267.5288262293086,-5484771.0
2023-03-31,40500,41900,39600,39750,764234,38069.20127997534,37858.822354394506,61.359676855303576,210.37892558083695,1362.7053386436162,-4720537.0
2023-04-03,39550,39600,38500,39000,378401,38212.40108305606,37943.354031846764,56.32222365541591,269.0470512092943,1354.6549573117632,-5098938.0
2023-04-04,39100,39100,37850,38650,444060,38279.723993355125,37995.698177635895,54.09049997973024,284.0258157192293,1347.1796032179225,-5542998.0
2023-04-05,39000,39200,38200,38550,316335,38321.304917454334,38036.757571885086,53.43896860462083,284.54734556924814,1322.3810601304867,-5859333.0
2023-04-06,38450,38900,38000,38450,340225,38341.1041609229,38067.36812211582,52.754647790097515,273.73603880708106,1292.210984406382,-6199558.0
2023-04-07,38600,39500,38350,39200,494777,38473.24198231938,38151.26677973686,57.18320061282699,321.9752025825146,1282.0530569486275,-5704781.0
2023-04-10,38800,39250,38250,38900,378205,38538.89706196255,38206.728499756355,54.96385667425128,332.1685622061923,1261.9064100234384,-6082986.0
2023-04-11,38950,39600,38000,39250,660030,38648.29751396831,38284.00787014477,57.057832144791384,364.28964382354025,1286.055952164941,-5422956.0
2023-04-12,38900,41500,38800,40900,816624,38994.71328105011,38477.78506494886,65.25865771479869,516.9282161012525,1387.0519555829715,-4606332.0
2023-04-13,40600,40600,39700,40100,430010,39164.75739165778,38597.94913421191,59.34137969176672,566.8082574458749,1373.6911016126066,-5036342.0
2023-04-14,40100,40950,39950,40550,424531,39377.87163909504,38742.54549464065,61.45838042727789,635.3261444543896,1346.9988800685662,-4611811.0
2023-04-17,40600,40950,40150,40550,304034,39558.19907923427,38876.43101355616,61.45838042727788,681.7680656781085,1307.927531491856,-4611811.0
2023-04-18,40350,41100,40150,40600,403897,39718.476143967455,39004.10279032978,61.715254924066834,714.3733536376749,1282.361279242204,-4207914.0
2023-04-19,40550,40900,40300,40750,290169,39877.172121818614,39133.42850956461,62.5222492564863,743.7436122540021,1233.6211878673478,-3917745.0
2023-04-20,40650,40750,40100,40650,249401,39996.06871846191,39245.76713848575,61.590176957074135,750.3015799761561,1191.933960162209,-4167146.0
2023-04-21,40350,41700,40350,41600,393659,40242.82737716008,39420.15475785718,66.67314752918467,822.6726193029026,1203.2243915792767,-3773487.0
2023-04-24,41550,41550,39950,40400,415685,40267.007780673914,39492.73588690479,56.50177214660729,774.2718937691243,1235.1369350381167,-4189172.0
2023-04-25,40500,41000,39400,39550,353135,40156.69889133946,39496.97767305999,50.61192597944414,659.7212182794683,1261.1985825355584,-4542307.0
2023-04-26,39150,40650,39150,40400,285167,40194.12983113339,39563.86821579629,55.59666221643353,630.2616153370982,1278.2558266402611,-4257140.0
2023-04-27,40200,41100,39350,40700,325234,40271.95601095902,39648.026125737306,57.237152714137316,623.9298852217107,1311.951839023283,-3931906.0
2023-04-28,40450,42550,40450,42450,745538,40607.03970158071,39855.57974605306,65.2924795721414,751.4599555276509,1368.2409933790468,-3186368.0
2023-05-02,42500,42500,40500,41350,585399,40721.341285952905,39966.27754264172,57.90838385734375,755.0637433111842,1413.3666367093265,-3771767.0
2023-05-03,41200,42050,41200,41750,374726,40879.59647272938,40098.40513207567,59.693479358983986,781.1913406537133,1373.126162658485,-3397041.0
2023-05-04,41500,42300,41350,41800,345382,41021.1970153864,40224.44919636637,59.92228331108787,796.7478190200345,1342.902865325614,-3051659.0
2023-05-08,42100,42400,41750,42100,339246,41187.166705326956,40363.37888552441,61.34030403923238,823.7878198025428,1293.4098035164557,-2712413.0
2023-05-09,42100,42500,41250,42350,325313,41366.064135276654,40510.536005115195,62.53008165080442,855.5281301614596,1290.3091032652696,-2387100.0
2023-05-10,42350,42600,41600,42000,381897,41463.59272984948,40620.86667140295,59.75732823434692,842.7260584465257,1269.5727387462548,-2768997.0
2023-05-11,42000,42400,41800,41900,310206,41530.732309872634,40715.61728833606,58.952979008692886,815.1150215365706,1221.7461145499499,-3079203.0
2023-05-12,41550,42300,41350,42100,300369,41618.31195450761,40818.164155866725,60.10945889206291,800.1477986408863,1202.3356777963281,-2778834.0
2023-05-15,41800,43000,41750,42500,357071,41753.956269198745,40942.74458876548,62.3916667919672,811.2116804332618,1205.7402722394563,-2421763.0
2023-05-16,42300,43200,42300,42650,283031,41891.80915086048,41069.20795256064,63.24097479028691,822.6011982998389,1183.9016813651567,-2138732.0
2023-05-17,42450,43150,42450,42850,214382,42039.223127651174,41201.11847459318,64.39551549805478,838.1046530579915,1149.3372755532826,-1924350.0
2023-05-18,42700,43200,42400,43150,234046,42210.111877243304,41345.480069067766,66.11473787861001,864.631808175538,1124.3846130137106,-1690304.0
2023-05-19,43200,44750,43200,44500,526017,42562.40235766741,41579.14821209979,72.54041045767671,983.2541455676183,1158.357140655654,-1164287.0
2023-05-22,44650,45300,44200,45200,342919,42968.18661033396,41847.35945564795,75.16970137033063,1120.8271546860124,1154.188773465957,-821368.0
2023-05-23,45400,45400,44550,44700,289577,43234.61943951336,42058.66616263699,70.01291205257698,1175.9532768763675,1132.4610039326383,-1110945.0
2023-05-24,44400,44750,44050,44400,250775,43413.90875651131,42232.098298737954,67.04115052388745,1181.8104577733538,1101.5709322231164,-1361720.0
2023-05-25,44800,46200,44600,45600,722803,43750.2304862788,42481.57249883143,72.13592653946937,1268.6579874473682,1151.4587227786794,-638917.0
2023-05-26,45600,47200,45500,46350,640094,44150.195026851296,42768.12268410318,74.76181279931345,1382.0723427481134,1190.6402425802544,1177.0
2023-05-30,46500,46900,45600,46250,460231,44473.24194579725,43026.03952231776,73.76365965404179,1447.202423479488,1198.4516538245316,-459054.0
2023-05-31,45800,46200,44850,46150,1176695,44731.2047233669,43257.444002146076,72.71811009595132,1473.760721220824,1212.8479642656532,-1635749.0
2023-06-01,45700,46000,45000,45600,323857,44864.86553515661,43430.96666865377,67.08587674063128,1433.8988665028446,1208.358823960959,-1959606.0
2023-06-02,45850,46000,44700,45250,361190,44924.11699128636,43565.70987838312,63.70446565259426,1358.4071129032454,1214.9046222494683,-2320796.0
2023-06-05,45250,45400,44300,45150,283928,44958.86822339615,43683.06470220659,62.731562487186785,1275.8035211895622,1206.6971492316416,-2604724.0
2023-06-07,45450,46300,45100,46100,273099,45134.426958258286,43862.09694648759,67.76771749373039,1272.3300117706967,1206.218781429381,-2331625.0
2023-06-08,46000,46000,44850,45300,534374,45159.89973391086,43968.6082837848,60.36950830396176,1191.2914501260602,1209.3460113272847,-2865999.0
2023-06-09,45800,46550,44850,46400,405964,45350.684390232265,44148.711373874816,65.88447822736424,1201.9730163574495,1244.3927248039329,-2460035.0
2023-06-12,46850,46850,45350,45600,337485,45389.040637888844,44256.214235069274,59.40932176152166,1132.82640281957,1262.6503873179502,-2797520.0
2023-06-13,45900,48900,45700,48350,830589,45844.572847444404,44559.45762506414,70.2376564730248,1285.1152223802637,1408.1753596524745,-1966931.0
2023-06-14,48250,48250,47000,47150,321018,46045.40779399142,44751.34965283717,62.41334616247445,1294.0581411542516,1404.0199768201524,-2287949.0
2023-06-15,47200,48200,47200,47900,294692,46330.7296718389,44984.583011886265,65.03499404653849,1346.146659952632,1378.7328356186993,-1993257.0
2023-06-16,47900,48050,46950,47550,276192,46518.30972232522,45174.613899894684,62.83249138825613,1343.6958224305345,1358.8233473602106,-2269449.0
2023-06-19,47000,47450,46450,47000,183296,46592.415918890576,45309.82768508767,59.42660924216116,1282.5882338029041,1340.335965405901,-2452745.0
2023-06-20,46400,47350,46400,46500,230121,46578.1980852151,45397.9885973034,56.431851912924515,1180.2094879116994,1312.4548250197531,-2682866.0
2023-06-21,46700,47000,46000,46200,249380,46520.01376441278,45457.396849355,54.6522428505179,1062.6169150577844,1290.1366232326188,-2932246.0
2023-06-22,45900,46250,45400,45950,212179,46432.319339118505,45493.88597162499,53.14809190630015,938.4333674935115,1258.6982930017055,-3144425.0
2023-06-23,46400,47100,44800,45250,265861,46250.424056177195,45475.82034409722,49.0753269470791,774.6037120799738,1333.0769863587523,-3410286.0
2023-06-26,44550,45000,44350,44900,262323,46042.66650907301,45433.16698527521,47.1305970134862,609.4995237978001,1302.1429159045456,-3672609.0
2023-06-27,44400,44900,43950,44900,233281,45866.87166152331,45393.67313451409,47.1305970134862,473.1985270092264,1276.989850482785,-3672609.0
2023-06-28,45000,45500,44350,44800,195246,45702.7375597505,45349.6973467723,46.519746755537824,353.04021297820145,1267.9191468768693,-3867855.0
2023-06-29,43400,45150,41150,44250,904508,45479.23947363504,45268.23828404842,43.203136277892625,211.00118958661915,1463.067779242858,-4772363.0
2023-06-30,44900,45200,43250,44250,362540,45290.125708460415,45192.81322597076,43.20313627789263,97.3124824896513,1497.8486521540908,-4772363.0
2023-07-03,44250,46300,44050,45950,383775,45391.64483023573,45248.901135158114,54.76414075216577,142.7436950776173,1551.5737484288106,-4388588.0
2023-07-04,45500,46300,45450,45650,175088,45431.39177943023,45278.61216218344,52.72455868735416,152.77961724679335,1501.4613378267422,-4563676.0
2023-07-05,45650,46450,45400,46200,315740,45549.63919797943,45346.86311313281,55.96267159909546,202.7760848466205,1469.2140994105403,-4247936.0
2023-07-06,46200,46200,44750,45200,314026,45495.84855213644,45335.984364011856,49.34478055771295,159.86418812458578,1467.8416637383584,-4561962.0
2023-07-07,44550,44800,43850,44250,989549,45304.179544115446,45255.54107778876,44.019149142028674,48.638466326687194,1459.42440204276,-5551511.0
2023-07-10,43950,44500,43350,44100,232593,45118.92115271307,45169.945442396995,43.22587012797258,-51.02428968392633,1437.3226590397023,-5784104.0
2023-07-11,44500,45600,44200,45600,243816,45192.93328306491,45201.801335552766,52.45345358977187,-8.868052487858222,1441.7996119654385,-5540288.0
2023-07-12,45650,46150,45000,45850,212216,45294.02047028569,45249.81605143775,53.80118021770497,44.20441884794127,1420.956782539333,-5328072.0
2023-07-13,46300,46800,45650,46250,348701,45441.09424408789,45323.90375133125,55.95251790743404,117.19049275664293,1401.602726643664,-4979371.0
2023-07-14,46300,47450,45900,47050,388298,45688.61820653591,45451.762732714116,59.96768051179765,236.85547382179357,1412.2025318834035,-4591073.0
2023-07-17,46600,47000,46050,46450,161573,45805.753867068845,45525.70623399455,55.85530799689522,280.04763307429675,1382.7594938917287,-4752646.0
2023-07-18,46450,46500,45550,46250,231483,45874.09942598133,45579.35762406902,54.51334223682759,294.741801912307,1351.848101470888,-4984129.0
2023-07-19,46050,46600,45900,46450,240636,45962.69951429189,45643.849651915756,55.66057547132169,318.8498623761334,1305.2875227943916,-4743493.0
2023-07-20,46000,46950,45750,46700,233638,46076.130358246985,45722.0830110331,57.116544581477505,354.04734721388377,1297.7669854519345,-4509855.0
2023-07-21,46700,46700,45500,46500,206805,46141.34107236283,45779.70649169732,55.54515819193752,361.6345806655154,1290.7836293482244,-4716660.0
2023-07-24,46050,46150,43850,43950,439391,45804.2116766147,45644.17267749752,40.31555539380164,160.03899911718327,1387.8705129662155,-5156051.0
2023-07-25,43800,43950,42000,43550,356148,45457.409880212435,45489.048775460666,38.530893529914685,-31.638895248230256,1428.0226191829172,-5512199.0
2023-07-26,43100,43350,42300,42800,525056,45048.57759094898,45289.85997727839,35.36936894742811,-241.28238632941066,1415.306717812708,-6037255.0
2023-07-27,43100,46150,43000,45700,495393,45148.79642311068,45320.24071970221,51.82827874631345,-171.44429659152956,1553.4990951118084,-5541862.0
2023-07-28,44900,45800,44300,45400,353728,45187.4431272475,45326.14881453908,50.3984379473046,-138.7056872915855,1549.6777311752503,-5895590.0
2023-07-31,45200,45450,43500,44400,368000,45066.29803074789,45257.5451986473,45.85703251390865,-191.24716789941158,1578.2721789484483,-6263590.0
2023-08-01,43850,45400,43550,45400,249227,45117.63679524821,45268.097406154906,50.64638550287717,-150.46061090669536,1597.68130902356,-6014363.0
2023-08-02,44800,45900,44400,44900,333639,45084.154211363864,45240.830931624914,48.34372662577134,-156.67672026104992,1590.704072664734,-6348002.0
2023-08-03,45450,45450,44100,44950,309249,45063.51510192327,45219.2878996527,48.595417614771556,-155.7727977294271,1573.5109246172524,-6038753.0
2023-08-04,45050,46200,44300,45650,317982,45153.74354778123,45251.19249967843,52.11323139971393,-97.44895189719682,1596.831572858878,-5720771.0
2023-08-07,45300,46300,44900,46000,243478,45283.93684812258,45306.65972192447,53.815098794018226,-22.722873801889364,1582.772174797529,-5477293.0
2023-08-08,46350,46350,44600,44750,242914,45201.79271764218,45265.42566844859,47.34368859222537,-63.63295080640819,1594.7170194548487,-5720207.0
2023-08-09,45000,45550,44450,45450,341549,45239.978453389536,45279.0978411561,50.90419585111436,-39.119387766564614,1559.3800894937872,-5378658.0
2023-08-10,45500,46100,44650,46050,310501,45364.59715286807,45336.20170477417,53.788552178680405,28.395448093899176,1551.5672259585165,-5068157.0
2023-08-11,45600,47700,45600,46000,357547,45462.35143704221,45385.37194886497,53.506445045064424,76.97948817723955,1590.7409955329092,-5425704.0
2023-08-14,46000,46600,45300,45500,178901,45468.1435236511,45393.86291561572,50.64587257302982,74.28060803538392,1569.9737815662722,-5604605.0
2023-08-16,45000,46050,45000,45150,313101,45419.19836616632,45375.79899594048,48.68380441452166,43.39937022583763,1532.8327971686806,-5917706.0
2023-08-17,44800,45600,43650,43950,248448,45193.16784829458,45270.18425550045,42.591386394130346,-77.01640720586875,1562.6304545137755,-6166154.0
2023-08-18,43550,44550,42800,43950,242126,45001.91125624926,45172.39282916708,42.591386394130346,-170.48157291782263,1576.0139934770775,-6166154.0
2023-08-21,44650,44950,43350,44150,165590,44870.847986057066,45096.66002700656,43.94726287039027,-225.81204094949499,1577.7272796572863,-6000564.0
2023-08-22,44200,44700,44000,44250,150024,44775.33291127905,45033.94446945052,44.651155333034986,-258.61155817146937,1515.032473967479,-5850540.0
2023-08-23,43700,44250,43100,43350,185107,44556.05092492842,44909.207842083815,39.80622360905102,-353.1569171553929,1488.9587258269446,-6035647.0
2023-08-24,43850,45100,43850,44600,343081,44562.81232109328,44886.303557485015,48.21130819456449,-323.49123639173195,1507.6045311250202,-5692566.0
2023-08-25,44050,44300,42800,43450,332787,44391.610425540464,44779.91070137501,42.35211152160112,-388.3002758345465,1528.4899217589477,-6025353.0
2023-08-28,44400,44400,43350,44000,128142,44331.362667765,44722.13953831019,45.74800755051123,-390.776870545189,1494.3120702047368,-5897211.0
2023-08-29,43850,44500,43700,44000,265765,44280.38379580116,44668.64772065758,45.74800755051123,-388.2639248564228,1444.718350904398,-5897211.0
2023-08-30,44400,45900,44400,45650,328947,44491.09398106251,44741.34048209035,54.97597261808488,-250.24650102783926,1477.2384686969413,-5568264.0
2023-08-31,45600,45750,45000,45100,367110,44584.771830129815,44767.90785378736,51.81233423310642,-183.13602365754195,1425.2928637900163,-5935374.0
2023-09-01,45050,45900,44350,44550,229353,44579.42231780216,44751.76653128459,48.78877479718048,-172.34421348243632,1434.2005163764438,-6164727.0
2023-09-04,44100,44400,43650,44200,212182,44521.049653524904,44710.89493637462,46.912634911602076,-189.84528284971748,1396.043336635269,-6376909.0
2023-09-05,43700,44500,43550,43950,248605,44433.19586067492,44654.53234849502,45.564815918417764,-221.33648782010278,1364.1830983041782,-6625514.0
2023-09-06,43650,44300,43450,43700,179407,44320.39649749416,44583.8262486065,44.1973312211511,-263.4297511123368,1327.455734139594,-6804921.0
2023-09-07,43150,43850,42750,43150,281377,44140.33549787968,44477.61689685787,41.263303495989774,-337.28139897819347,1311.2088959867656,-7086298.0
2023-09-08,43100,43450,41700,41750,336941,43772.59157512896,44275.57120079432,34.91039054896942,-502.97962566536444,1342.5511177019969,-7423239.0
2023-09-11,41800,41900,39600,40150,955740,43215.26979433989,43969.97333406882,29.349048937847563,-754.7035397289292,1410.9403235804261,-8378979.0
2023-09-12,40300,40900,39250,40400,465632,42782.151364441444,43705.530864878536,31.193466518777623,-923.3795004370913,1428.016014753253,-7913347.0
2023-09-13,40000,41200,40000,41200,381635,42538.74346221968,43519.93598599864,36.87274071540454,-981.1925237789619,1411.7291565565922,-7531712.0
2023-09-14,41850,42850,39500,41400,2720512,42363.552160339736,43362.903690739484,38.24507356569904,-999.3515303997483,1550.1770739454078,-4811200.0
2023-09-15,41250,42600,40450,42250,807916,42346.082597210545,43280.466380314334,43.83354636664506,-934.383783103789,1593.0215686635931,-4003284.0
2023-09-18,42250,42400,41500,41750,280877,42254.377582255074,43167.098500291046,41.45695406915511,-912.7209180359714,1543.5200280447648,-4284161.0
2023-09-19,41650,42950,41650,42800,313502,42338.319492677365,43139.90601878801,47.85129230602645,-801.5865261106446,1526.1257403272814,-3970659.0
2023-09-20,43200,43300,42600,43200,368483,42470.88572457315,43144.35742480371,50.08785906114961,-673.4717002305624,1467.1167588753326,-3602176.0
2023-09-21,42600,42850,41850,42100,336984,42413.82638233113,43066.99761555899,44.44293131196775,-653.1712332278621,1458.7512760985232,-3939160.0
2023-09-22,41500,43150,41500,42850,373714,42480.93001581865,43050.92371811018,48.68902387290222,-569.9937022915256,1472.411899234343,-3565446.0
2023-09-25,43200,43700,42700,43350,344376,42614.633090308096,43073.07751676868,51.35805996238186,-458.4444264605845,1438.6681921461757,-3221070.0
2023-09-26,42900,43050,41800,42650,329337,42620.07415333762,43041.738441452486,47.62319090943622,-421.6642881148655,1446.6204641357344,-3550407.0
2023-09-27,42050,42900,41600,42450,375365,42593.90889897799,42997.90596430786,46.58089452068711,-403.997065329866,1436.1475738403249,-3925772.0
2023-10-04,41550,41800,40700,41400,392476,42410.230606827536,42879.54255954431,41.45159589463248,-469.3119527167728,1458.5656042803016,-4318248.0
2023-10-05,41400,42950,41200,42750,366470,42462.50282116176,42869.946814392875,49.19738054492218,-407.4439932311143,1479.3823468317087,-3951778.0
2023-10-06,43150,43250,42000,42700,183079,42499.04084867533,42857.358161474884,48.939138119128614,-358.3173127995542,1462.9978934865865,-4134857.0
2023-10-10,43950,44100,43100,43400,282507,42637.64994887912,42897.55385321749,52.68376469051581,-259.9039043383673,1458.4980439518304,-3852350.0
2023-10-11,44100,44100,43450,43500,171446,42770.31918751311,42942.179493719894,53.21165621482125,-171.86030620678503,1404.3196122409852,-3680904.0
2023-10-12,44000,44600,43450,44600,196913,43051.80854328032,43064.9810127036,58.67351361744767,-13.172469423283474,1386.1539256523433,-3483991.0
2023-10-13,43600,44950,43550,44650,175146,43297.68415200642,43182.38982657741,58.90832467024749,115.29432542900759,1387.1429309628904,-3308845.0
2023-10-16,44650,45050,43700,44400,200624,43467.2712055439,43272.583172756866,57.15955122062195,194.68803278703126,1384.4898644655411,-3509469.0
2023-10-17,44500,44950,43600,44800,275727,43672.30640469099,43385.725159960064,59.244282527336956,286.58124473092903,1382.0263027180026,-3233742.0
2023-10-18,44800,45200,44100,44500,215689,43799.64388089238,43468.26403700006,57.00377880593613,331.3798438923186,1361.8815668095738,-3449431.0
2023-10-19,43750,45000,43750,43950,352711,43822.77559152432,43503.94818240746,53.0432305438023,318.82740911685687,1353.8900263231756,-3802142.0
2023-10-20,43600,44300,42600,42700,212801,43650.04088513597,43444.3964651921,45.33405040749587,205.64441994387016,1378.6121673000916,-4014943.0
2023-10-23,43550,43550,42250,42350,206955,43450.03459511505,43363.330060363056,43.43070410723243,86.7045347519961,1372.9970124929423,-4221898.0
2023-10-24,43200,43300,41900,42650,162397,43326.95234971274,43310.49079663245,45.54126895411419,16.46155308028392,1374.925797314875,-4059501.0
2023-10-25,42550,44300,42550,43750,206096,43392.03660360309,43343.047033918934,52.534138250483075,48.98956968415587,1401.7168117923836,-3853405.0
2023-10-26,43350,43450,42700,42950,283470,43324.030972279535,43313.93243881383,47.73355848391172,10.098533465708897,1376.5941823786418,-4136875.0
2023-10-27,43900,44100,42200,42200,133842,43151.10313039038,43231.418924827616,43.70169074698775,-80.31579443723604,1413.980312208739,-4270717.0
2023-10-30,41800,43650,41700,43200,205587,43158.625725714934,43229.09159706261,49.79124291948525,-70.46587134767469,1452.2674327652576,-4065130.0
2023-10-31,44000,44200,42200,42550,192333,43064.99099868187,43178.78851579871,46.286603384873246,-113.79751711684366,1491.391187567739,-4257463.0
2023-11-01,42600,43700,42600,42900,194612,43039.60776811543,43158.13751462844,48.39299172700229,-118.52974651301338,1467.006102741472,-4062851.0
2023-11-02,44000,45200,43350,44950,305062,43333.51426532844,43290.868069100405,58.62695420285696,42.6461962280373,1526.505666831367,-3757789.0
2023-11-03,45350,45800,45000,45250,153519,43628.35822450868,43435.98895287075,59.880786981725414,192.36927163793007,1478.1838334862694,-3604270.0
2023-11-06,44650,47200,44650,47200,318311,44177.841574584265,43714.80458599144,66.9021302784566,463.03698859282304,1554.742131094393,-3285959.0
2023-11-07,47250,47450,46550,47450,414929,44681.25056310976,43991.485727769854,67.68301814965747,689.7648353399054,1507.974836016222,-2871030.0
2023-11-08,48000,48300,46800,46900,289356,45022.59663032364,44206.93122941653,64.09996076959763,815.6654009071135,1507.4052048722062,-3160386.0
2023-11-09,46550,47950,46550,47850,401368,45457.581764120005,44476.78817538568,67.31824917145501,980.7935887343265,1499.7334045241914,-2759018.0
2023-11-10,47400,48250,47100,48250,206030,45887.184569640005,44756.28534757933,68.59484112062744,1130.8992220606742,1474.7524470581777,-2552988.0
2023-11-13,48300,48700,48050,48450,191063,46281.46386661847,45029.89384035124,69.24177915587556,1251.5700262672326,1415.8415579825937,-2361925.0
2023-11-14,48900,48900,48100,48300,216979,46592.00788713871,45272.12392625115,68.10857173412684,1319.883960887557,1371.8528752695513,-2578904.0
2023-11-15,48900,49200,48500,48650,486076,46908.62205834813,45522.336968751064,69.36829132472953,1386.2850895970696,1338.1490984645832,-2092828.0
2023-11-16,48650,49400,48250,49350,222175,47284.21866475612,45805.867563658394,71.77002621715496,1478.3511010977236,1324.7098771456842,-1870653.0
2023-11-17,49200,49450,48400,48600,223112,47486.64656248595,46012.840336720736,65.81571720518073,1473.8062257652127,1305.0877430638498,-2093765.0
2023-11-20,48600,48600,45150,47100,373941,47427.16247594965,46093.37068214883,55.83796866974183,1333.7917938008177,1458.2957614164318,-2467706.0
2023-11-21,47600,49350,46950,49300,359351,47715.29132580355,46330.898779767434,64.36972139053462,1384.3925460361133,1525.5603498866867,-2108355.0
2023-11-22,48800,49550,48450,49050,233919,47920.631121833765,46532.31368496985,62.88301708210307,1388.3174368639156,1495.1631820376379,-2342274.0
2023-11-23,48600,49550,48600,49000,188660,48086.68787232088,46715.10526386097,62.571748034075526,1371.5826084599103,1456.2229547492352,-2530934.0
2023-11-24,49000,49400,47800,48050,184405,48081.043584271516,46813.98635542682,56.81708618973277,1267.0572288446929,1466.4927436957184,-2715339.0
2023-11-27,48500,49250,48400,49150,252704,48245.49841746051,46987.02440317298,61.25988080421811,1258.4740142875307,1447.4575477174528,-2462635.0
2023-11-28,49550,50700,49200,50200,1072228,48546.19096862043,47225.022595530536,64.96519696661655,1321.1683730898949,1454.7820085947778,-1390407.0
2023-11-29,50300,50600,49350,49950,329142,48762.16158883267,47426.872773639385,63.410097640810285,1335.2888151932857,1440.1547222665795,-1719549.0
2023-11-30,50000,51000,47500,51000,1210860,49106.444421319946,47691.54886448091,66.98469151580967,1414.8955568390375,1587.2865278189668,-508689.0
2023-12-01,50300,50900,49000,49050,157711,49097.7606641938,47792.17487451936,56.03599242703574,1305.5857896744346,1616.7660615461834,-666400.0
2023-12-04,50600,50600,49450,49650,152365,49182.72056201014,47929.79155048089,58.29479631811588,1252.929011529246,1611.9970571500276,-514035.0
2023-12-05,49000,49600,48500,48550,152773,49085.378937085494,47975.73291711194,52.92600543417974,1109.646019973552,1578.997267353597,-666808.0
2023-12-06,48550,49600,48500,48750,157403,49033.78217753388,48033.08603436291,53.759855326969486,1000.6961431709715,1544.7831768283402,-509405.0
2023-12-07,48050,49000,48000,48950,102920,49020.89261175944,48101.00558737307,54.62542900215673,919.8870243863712,1505.870092769173,-406485.0
2023-12-08,48950,50500,48800,49600,186974,49109.98605610414,48212.04221053061,57.41543486883717,897.943845573529,1519.736514714232,-219511.0
2023-12-11,50200,50400,49550,49950,154754,49239.21897054966,48340.77982456538,58.88155200407893,898.4391459842736,1471.898192234644,-64757.0
2023-12-12,50600,50700,49800,49950,165182,49348.5698981574,48459.981319042025,58.88155200407893,888.5885791153778,1431.0483213607408,-64757.0
2023-12-13,50000,50500,49700,50300,191808,49494.94375997934,48596.27899911299,60.46032229280319,898.6647608663479,1385.973441263545,127051.0
2023-12-14,50800,51000,50400,50800,435768,49695.72164305944,48759.51759177129,62.66567078415431,936.2040512881504,1336.975338316149,562819.0
2023-12-15,50400,51100,50200,51100,410467,49911.76446720414,48932.886659047486,63.964380322805766,978.8778081566561,1305.7628141507098,973286.0
2023-12-18,50500,50900,49950,50100,165648,49940.72377994197,49019.33949911804,56.86366714811659,921.3842808239278,1294.6368988542306,807638.0
2023-12-19,49650,50300,49550,49850,144222,49926.76627533551,49080.86990659078,55.213478577165596,845.8963687447322,1255.7342632217856,663416.0
2023-12-20,50500,51400,49900,51100,282242,50107.26377143774,49230.43509869516,61.26611343879121,876.8286727425802,1276.7532444202295,945658.0
2023-12-21,50800,51100,50300,50700,99373,50198.45396044732,49339.29175805108,58.53975648488092,859.1622023962409,1242.699441247356,846285.0
2023-12-22,51200,51200,49300,49400,201730,50075.61488960927,49343.788664862106,50.650844346633086,731.8262247471648,1289.6494811582593,644555.0
2023-12-26,50200,50600,48650,49850,160691,50040.90490659246,49381.28580079824,53.01139127524398,659.6191057942196,1336.8173753612407,805246.0
2023-12-27,49850,50500,48850,50500,143414,50111.53492096285,49464.15351925763,56.265573541666285,647.3814017052209,1359.1875628354378,948660.0
2023-12-28,50500,52600,49800,52600,393314,50494.37570235318,49696.43844375706,64.75750619594007,797.9372585961173,1462.1027369186208,1341974.0
2024-01-02,52000,52800,51400,52700,172716,50833.70251737577,49918.92448496024,65.10497198082385,914.7780324155319,1457.6668271387193,1514690.0
2024-01-03,51500,51700,49450,49450,215671,50620.825207010275,49884.189337926146,48.402485706785576,736.6358690841298,1585.6906252002395,1299019.0
2024-01-04,49000,49700,48350,48900,158190,50356.08286747023,49811.28642400569,46.240496755975826,544.7964434645401,1568.8555805430797,1140829.0
2024-01-05,48900,49200,48350,48700,95957,50101.30088785943,49728.96891111638,45.44556598070692,372.3319767430439,1517.508753361431,1044872.0
2024-01-08,49150,49150,48050,48200,103484,49808.79305895798,49615.711954737395,43.43520791569867,193.08110422058235,1487.6866995499001,941388.0
2024-01-09,49350,49650,48600,49450,204821,49753.594126810596,49603.43699512722,49.45504089088743,150.1571316833797,1484.994792439193,1146209.0
2024-01-10,49350,49450,48100,48100,99115,49499.1950303782,49492.07129178446,44.00780265353946,7.123738593742019,1475.352307264965,1047094.0
2024-01-11,48150,49600,47950,48750,191227,49383.93425647386,49437.10304794857,47.032879684735775,-53.168791474708996,1487.8271424603247,1238321.0
2024-01-12,48650,49000,48050,48450,111634,49240.25206317019,49363.984303656085,45.80290952602395,-123.73224048589327,1449.410917998873,1126687.0
2024-01-15,48750,49100,48050,48750,116554,49164.828668836315,49318.503984866744,47.28744890774826,-153.6753160304288,1420.881566713239,1243241.0
2024-01-16,48200,49150,47600,47700,124048,48939.47041209227,49198.61480080254,42.86215166633608,-259.1443887102723,1430.1043119480075,1119193.0
2024-01-17,48600,48600,46700,46850,138407,48618.01342561653,49024.64333407643,39.62901440145772,-406.62990845989407,1463.668289666007,980786.0
2024-01-18,48300,48300,46750,47400,200180,48430.62674475245,48904.2993834041,42.643816884614026,-473.6726386516457,1469.8348404041494,1180966.0
2024-01-19,47850,49200,47850,49050,227431,48525.914937867456,48915.09202167046,50.611978985258986,-389.1770838030061,1493.4180660895672,1408397.0
2024-01-22,49500,50500,49350,50300,198916,48798.85110127246,49017.67779784302,55.639824507252,-218.8266965705552,1490.3167756545981,1607313.0
2024-01-23,50700,50700,49550,50700,208325,49091.33554723055,49142.29425726205,57.14335798490917,-50.95871003150387,1466.0084345364126,1815638.0
2024-01-24,50800,50900,49750,50100,196333,49246.51469381046,49213.23542339079,54.177083012027204,33.27927041966905,1443.4364034980972,1619305.0
2024-01-25,50100,50300,49150,49850,173811,49339.35858707038,49260.40316980628,52.94387922275496,78.9554172641001,1422.4766603910903,1445494.0
2024-01-26,49000,50500,48750,50300,124878,49487.14957367494,49337.410342413226,54.93244700501816,149.73923126171576,1445.8711846488695,1570372.0
2024-01-29,50600,51500,49950,50600,212117,49658.357331571104,49430.93550223447,56.25953908249622,227.4218293366357,1453.3089571739504,1782489.0
2024-01-30,50500,52000,50500,51500,229579,49941.68697286786,49584.19953910599,60.05931931046243,357.4874337618676,1456.6440316615253,2012068.0
2024-01-31,51500,52400,51000,51900,428031,50242.96590011896,49755.74031398703,61.653730765527165,487.22558613192814,1452.5980293999878,2440099.0
2024-02-01,52000,54000,51500,53600,949791,50759.43268471604,50040.500290728734,67.57757985761062,718.9323939873066,1527.4124558714173,3389890.0
2024-02-02,54500,59900,54000,59500,2480164,52104.13534860588,50741.203972896976,79.44551636060805,1362.931375708904,1868.3115661663162,5870054.0
2024-02-05,59600,61000,58600,59300,1159359,53211.191448820355,51375.1888637935,78.39791283117745,1836.0025850268576,1906.2893114401509,4710695.0
2024-02-06,59300,63600,59300,62400,1545000,54624.85430284799,52191.84154054953,82.2949981862364,2433.0127622984583,2077.268646337283,6255695.0
2024-02-07,64000,66900,63000,66200,1677933,56405.64594856368,53229.48290791623,85.7004400000899,3176.1630406474505,2250.3208858846197,7933628.0
2024-02-08,65400,66700,63600,65200,893875,57758.623494938496,54116.18787770021,81.27036783557932,3642.435617238283,2311.0122511785753,7039753.0
2024-02-13,64700,66300,62400,65700,726677,58980.37372648642,54974.2480349076,81.77757866882412,4006.125691578818,2424.511376094391,7766430.0
2024-02-14,64300,65700,62500,63400,630657,59660.31623010389,55598.37781009963,72.10451104721702,4061.9384200042623,2479.9034206590773,7135773.0
2024-02-15,64000,64100,60900,62400,620951,60081.80604085714,56102.20167601817,68.32062000306946,3979.6043648389677,2531.338890612001,6514822.0
2024-02-16,63500,65500,62400,65500,736825,60915.374342263734,56798.33488520201,73.04330712219054,4117.039457061721,2571.9575412825725,7251647.0
2024-02-19,67000,69600,66300,69600,1095587,62251.47059730008,57746.606375187046,77.76463005502887,4504.864222113036,2681.1034311909602,8347234.0
2024-02-20,69400,70500,67700,68700,1058424,63243.552043869306,58557.968865913936,74.67288713325239,4685.58317795537,2689.5960432487486,7288810.0
2024-02-21,69000,70200,66800,69300,458942,64175.31326788941,59353.67487584624,75.37576117407595,4821.638392043169,2740.339183016695,7747752.0
2024-02-22,70400,72900,69900,72900,960547,65517.57276513719,60357.1063665243,79.11996128243494,5160.466398612894,2801.7435270869314,8708299.0
2024-02-23,72600,73800,68800,69300,609487,66099.48464742379,61019.54293196694,67.98708592029126,5079.941715456844,2958.761846580722,8098812.0
2024-02-26,69200,70000,66000,67300,826657,66284.17931705089,61484.76197404346,62.70802602930792,4799.41734300743,3033.1360003963846,7272155.0
2024-02-27,68500,68500,64200,65300,662694,66132.76711442768,61767.37219818839,57.86897053882775,4365.394916239296,3123.626286082357,6609461.0
2024-02-28,65900,69100,65300,68000,624618,66420.03371220804,62229.04833165591,62.11887170370768,4190.985380552127,3171.938694219332,7234079.0
2024-02-29,68600,70000,66500,69900,851921,66955.41314109911,62797.26697375547,64.80905693841763,4158.146167343642,3195.371644632237,8086000.0
2024-03-04,70500,71000,69100,70200,600191,67454.58035016079,63345.6175682921,65.2289411377184,4108.962781868686,3102.845098587077,8686191.0
2024-03-05,69900,71500,69500,70700,513898,67953.87568090527,63890.3866373075,65.95797458077627,4063.4890435977723,3024.070448688,9200089.0
2024-03-06,70500,72400,69600,71400,384903,68484.0486530737,64446.65429380324,67.00111208078594,4037.3943592704527,3008.065416638857,9584992.0
2024-03-07,71800,72700,70700,72300,478103,69071.11809106237,65028.383605373376,68.3442123713605,4042.7344856889904,2936.060744021796,10063095.0
2024-03-08,73100,75300,73000,75000,788336,69983.25376936045,65767.0218568272,72.02308611234376,4216.231912533258,2940.6278337345248,10851431.0
2024-03-11,72100,74700,72000,72700,445029,70401.21472792038,66280.57579335851,65.0842530436544,4120.638934561866,2944.868702753487,10406402.0
2024-03-12,73400,73700,70700,71900,879805,70631.79707747108,66696.82943829491,62.81730862195754,3934.967639176175,2948.8066525568092,9526597.0
2024-03-13,72600,72700,70000,70300,627416,70580.75137324476,66963.73096138418,58.43359445474521,3617.020411860576,2931.0347488027514,8899181.0
2024-03-14,71000,71400,68300,69300,623265,70383.71270043787,67136.78792720757,55.81205949965036,3246.9247732303047,2943.1036953168405,8275916.0
2024-03-15,69100,69400,66200,68600,677637,70109.29536190897,67245.17400667367,53.986235875583496,2864.1213552353,2961.4534313656372,7598279.0
2024-03-18,69000,69900,68300,69000,264489,69938.63453699989,67375.16111729044,54.89428425331674,2563.4734197094513,2864.206757696663,7862768.0
2024-03-19,68200,70000,68200,68700,271514,69748.07537746144,67473.29733082448,54.03303953714235,2274.7780466369586,2788.191989289758,7591254.0
2024-03-20,69700,70800,68600,69400,329996,69694.52531939045,67616.0160470597,55.77650741664002,2078.509272330746,2746.1782757690607,7921250.0
2024-03-21,70900,77000,70300,77000,897164,70818.44450102269,68311.12596949973,69.36315776918671,2507.318531522964,3092.8798274998426,8818414.0
2024-03-22,77000,81000,77000,80000,1100967,72230.99150086535,69176.96849027752,72.90219996144373,3054.023010587829,3157.6741255355682,9919381.0
2024-03-25,79300,79300,75400,76700,417506,72918.53126996299,69734.23008359029,64.12694649612656,3184.3011863727006,3260.6974022830277,9501875.0
2024-03-26,77300,79800,76200,78700,482942,73807.987997661,70398.36118850953,66.73996495119364,3409.626809151465,3284.9333021199545,9984817.0
2024-03-27,77900,80100,77700,79300,563543,74652.91292109777,71057.74184121253,67.50468215248235,3595.1710798852437,3221.7237805399577,10548360.0
2024-03-28,78600,79900,77900,78600,407084,75260.15708708273,71616.42763075234,65.60939226844754,3643.7294563303876,3134.457796215675,10141276.0
2024-03-29,78700,79600,77900,79000,209727,75835.51753522384,72163.35891736328,66.19349423317392,3672.158617860565,3031.9965250574123,10351003.0
2024-04-01,79900,81600,75100,75500,421752,75783.89945288171,72410.51751607712,57.06115363071012,3373.381936804595,3279.711058981883,9929251.0
2024-04-02,75100,77600,71500,77200,568844,76001.7610755153,72765.29399636769,59.951305829528074,3236.467079147609,3481.1602690546056,10498095.0
2024-04-03,75200,77700,74400,76500,354422,76078.41321774371,73041.93888552564,58.21378514911252,3036.474332218073,3468.2202498364195,10143673.0
2024-04-04,77900,78200,75900,78000,404073,76374.04195347545,73409.202671783,60.833330270446154,2964.839281692446,3384.7759462766753,10547746.0
2024-04-05,75700,77100,73100,75500,391809,76239.57396063308,73564.07654794723,54.68070596826737,2675.4974126858433,3493.0062358283412,10155937.0
2024-04-08,74800,76300,73700,73900,319864,75879.63950515106,73588.9597666178,51.11740688383169,2290.679738533261,3429.220076126317,9836073.0
2024-04-09,74400,75000,72800,74100,310139,75605.8488120509,73626.81459872019,51.54249009517037,1979.034213330713,3341.4186421172944,10146212.0
2024-04-11,71800,74000,70700,73100,501072,75220.33361019692,73587.79129511128,49.236986170118875,1632.5423150856368,3345.6030248232023,9645140.0
2024-04-12,72700,79300,72300,77900,707851,75632.58997785894,73907.21416214007,58.77016941118552,1725.3758157188713,3606.6313801929737,10352991.0
2024-04-15,77700,79900,76200,79800,609187,76273.72998126526,74343.71681679635,61.82616928876067,1930.01316446891,3613.3005673220473,10962178.0
2024-04-16,79300,82000,78900,80000,1121320,76847.00229183983,74762.70075629292,62.14424809805199,2084.3015355469106,3576.6362410847582,12083498.0
2024-04-17,80100,81100,78700,78800,462642,77147.46347771063,75061.75995953048,58.96933975028597,2085.7035181801475,3492.5907952929897,11620856.0
2024-04-18,78800,83900,78300,83700,568657,78155.5460196013,75701.62959215786,66.49634133959525,2453.9164274434443,3643.120024200633,12189513.0
2024-04-19,82000,83400,74900,76100,732716,77839.30817043188,75731.13851125728,50.899704529144444,2108.1696591746004,4011.4685939005876,11456797.0
2024-04-22,77100,81500,75600,79700,553461,78125.5684519039,76025.12825116415,56.14668263541269,2100.4402007397584,4146.36369433626,12010258.0
2024-04-23,80100,82900,79700,82600,668442,78813.94253622639,76512.15578811496,59.867211383196846,2301.7867481114226,4078.7662875979554,12678700.0
2024-04-24,83400,86500,82600,85500,665650,79842.56676142233,77177.92202603236,63.227028378602625,2664.644735389971,4065.9972670552443,13344350.0
2024-04-25,82700,85500,77400,77800,986781,79528.32572120351,77224.00187595589,51.01491419852748,2304.3238452476216,4354.140319408441,12357569.0
2024-04-26,78900,81600,78300,80600,241688,79693.1986871722,77474.07581107026,54.459506358851236,2219.1228761019447,4314.558868022124,12599257.0
2024-04-29,81500,82500,78300,78800,242909,79555.78350453032,77572.29241765765,51.93135679879662,1983.491086872673,4306.37609173483,12356348.0
2024-04-30,78300,79100,76000,76500,411298,79085.66296537181,77492.86334968302,48.81314327523974,1592.7996156887966,4220.206370896628,11945050.0
2024-05-02,75200,76100,73400,75000,398668,78457.09943223768,77308.20680526206,46.837895152297875,1148.8926269756194,4140.191630118297,11546382.0
2024-05-03,76000,76400,74400,74800,201674,77894.46875035496,77122.41370857599,46.56731898651389,772.0550417789782,3987.3207993955616,11344708.0
2024-05-07,76300,79700,75500,76900,387282,77741.47355799266,77105.93861905184,49.84368046533751,635.534938940822,4052.5121708673073,11731990.0
2024-05-08,78300,79500,77300,78600,237427,77873.55454907072,77216.6098324554,52.38880054961036,656.9447166153113,3948.761301519642,11969417.0
2024-05-09,78500,79400,77300,78100,223962,77908.39231075214,77282.04614116241,51.560091533989784,626.3461695897277,3816.706922839667,11745455.0
2024-05-10,79600,81900,78300,80400,244707,78291.71657063642,77513.0056862615,55.08010899014288,778.7108843749156,3815.5135712082624,11990162.0
2024-05-13,80400,83000,80400,82900,262893,79000.68325207697,77912.04230209399,58.60156511590524,1088.6409499829751,3728.691173264815,12253055.0
2024-05-14,81700,82300,78700,79000,252588,79000.57813637282,77992.63176119815,51.78179173563869,1007.9463751746662,3762.356089460185,12000467.0
2024-05-16,80500,82200,80300,80900,393954,79292.79688462315,78207.99237147978,54.55643286616278,1084.8045131433755,3722.187797355886,12394421.0
2024-05-17,81800,83800,81600,82300,376538,79755.44351775806,78511.10404766645,56.54086367401237,1244.3394700916106,3663.460097544751,12770959.0
2024-05-20,83600,84500,80500,80800,380155,79916.14451502606,78680.65189598745,53.82864381695493,1235.4926190386032,3687.4986620058403,12390804.0
2024-05-21,80900,82900,80100,81800,422030,80205.96843579128,78911.71471850689,55.365819284997734,1294.2537172843877,3624.105900433994,12812834.0
2024-05-22,81300,83500,80500,82000,234874,80481.97329182338,79140.47659121008,55.68360176435306,1341.4967006132938,3579.5269075458514,13047708.0
2024-05-23,81100,84700,81100,83300,453375,80915.51586231208,79448.58943630563,57.78739279062728,1466.926426006452,3580.989271292576,13501083.0
2024-05-24,82000,85900,82000,85400,533432,81605.43649887946,79889.43466324595,61.00756518445659,1716.0018356335058,3603.7757519145352,14034515.0
2024-05-27,86000,87000,84500,84800,302563,82096.90780674414,80253.18024374625,59.60842499463454,1843.7275629978976,3524.9346267777823,13731952.0
2024-05-28,83900,85400,82400,83300,174597,82281.99891339889,80478.87059606133,56.141937577303466,1803.128317337556,3487.439296293655,13557355.0
2024-05-29,82400,83300,80500,81100,313725,82100.15292672213,80524.88018153826,51.41890530764557,1575.2727451838728,3438.3364894155366,13243630.0
2024-05-30,80000,80800,78600,79400,308901,81684.74478414949,80441.55572364652,48.05471579308866,1243.189060502962,3371.312454457284,12934729.0
2024-05-31,80200,80600,74200,77600,1214635,81056.32250966495,80231.07011448752,44.71850724029568,825.2523951774347,3587.6472791389065,11720094.0
2024-06-03,77700,78400,75200,78200,246463,80616.88827740881,80080.62047637734,46.06272493779439,536.2678010314703,3559.958187771842,11966557.0
2024-06-04,76500,78200,76000,77300,282223,80106.59777319207,79874.64858923828,44.321787916026324,231.949183953795,3462.8183172167105,11684334.0
2024-06-05,77000,79000,76100,76800,370954,79597.8904234702,79646.8968418873,43.341729747122976,-49.00641841709148,3422.617008844088,11313380.0
2024-06-07,79100,87500,78600,87500,789388,80813.59958909018,80228.60818693267,62.46813005418994,584.9914021575096,3942.430079640939,12102768.0
2024-06-10,88100,103800,88100,89800,2089240,82196.12272923015,80937.60017308581,65.18846188827129,1258.5225561443367,4825.113645380872,14192008.0
2024-06-11,89400,90400,87200,88100,460303,83104.41154011781,81468.14830841278,61.632653765769724,1636.2632317050302,4709.0340992822385,13731705.0
2024-06-12,87600,92100,87600,89800,494368,84134.50207240737,82085.32250778962,63.76139900729526,2049.179564617749,4694.10309219065,14226073.0
2024-06-13,90300,97000,90100,93800,1124232,85621.50175357547,82953.0763961015,68.22822613529257,2668.4253574739705,4873.095728462747,15350305.0
2024-06-14,93800,95300,91100,91400,535513,86510.50148379464,83578.77444083472,63.19500074343082,2931.7270429599157,4825.017462143979,14814792.0
2024-06-17,90100,91800,88000,90700,317838,87155.039717057,84106.27263040253,61.76384111267497,3048.7670866544795,4751.801929133694,14496954.0
2024-06-18,90000,93800,90000,93400,577873,88115.80283750976,84794.69688000233,65.05148305710019,3321.1059575074323,4683.8160770527165,15074827.0
2024-06-19,95800,100800,95600,98500,971455,89713.37163173904,85809.90451852068,70.254167427247,3903.4671132183576,4877.829214406093,16046282.0
2024-06-20,97300,98900,94700,98000,592954,90988.23753454842,86712.87455418581,69.16703512569954,4275.36298036261,4829.412841948515,15453328.0
2024-06-21,96300,97500,93200,97500,412975,91990.04714461789,87511.92088350537,68.0332873490139,4478.126261112513,4827.311924666478,15040353.0
2024-06-24,97000,97000,90400,91200,306842,91868.5014300613,87785.11192917163,55.65462357886798,4083.389500889665,4989.646787190301,14733511.0
2024-06-25,89200,95600,87200,95600,313924,92442.57813312879,88363.99252701076,60.99281054303464,4078.585606118024,5233.2434452481375,15047435.0
2024-06-26,96600,102200,96100,102200,460038,93943.71995880127,89388.8819694544,67.34313442197792,4554.837989346866,5330.868913444699,15507473.0
2024-06-27,100600,102800,99000,102200,612830,95213.91688821647,90337.85367542075,67.34313442197792,4876.0632127957215,5221.521133912934,15507473.0
2024-06-28,103500,106600,99700,100000,720697,95950.2373669524,91053.56821798216,63.355773695942815,4896.669148970235,5341.412481490582,14786776.0
2024-07-01,99400,102100,98500,100500,269925,96650.20084895972,91753.30390553903,63.87923091812513,4896.896943420696,5217.025875669826,15056701.0
2024-07-02,99500,100500,95400,95500,339073,96473.24687219669,92030.83694957317,55.362447480013856,4442.409922623512,5208.666884550552,14717628.0
2024-07-03,96900,97400,93400,96500,342500,96477.36273801258,92361.88606441961,56.60849698852884,4115.476673592973,5122.333535654084,15060128.0
2024-07-04,97300,100300,94800,97300,420090,96603.92231677988,92727.67228187001,57.62754173639821,3876.25003490987,5149.309711678792,15480218.0
2024-07-05,96800,105000,96500,104200,763569,97772.5496526599,93577.47433506482,65.21540218196972,4195.075317595081,5388.644732273164,16243787.0
2024-07-08,103000,107500,102800,103000,302354,98576.77278301991,94275.4391991341,63.09910943888259,4301.333583885818,5339.455822825081,15941433.0
2024-07-09,104500,106300,101500,103200,260992,99288.03850870916,94936.517776976,63.31279424064162,4351.5207317331515,5300.92326405186,16202425.0
2024-07-10,101600,104800,101600,103000,188486,99859.10950736928,95533.81275645927,62.920408691244226,4325.296750910013,5150.857316619585,16013939.0
2024-07-11,105000,109000,103500,106700,382328,100911.55419854325,96360.9377374623,66.99561483580128,4550.61646108095,5211.510365432471,16396267.0
2024-07-12,104700,106900,103100,105300,346977,101586.69970645967,97023.09049765028,64.12387306985902,4563.6092088093865,5110.688196473008,16049290.0
2024-07-15,106900,107800,104000,105500,241951,102188.74590546587,97651.00972004655,64.35891028071897,4537.736185419315,5017.067611010651,16291241.0
2024-07-16,105400,105500,102000,105500,222062,102698.16961231727,98232.41640745051,64.35891028071897,4465.753204866764,4908.7056387956045,16291241.0
2024-07-17,106100,106100,95500,97100,510657,101836.91274888386,98148.53371060234,48.78939307665365,3688.3790382815205,5315.226664595919,15780584.0
2024-07-18,91000,92000,86300,89000,1117409,99862.00309520941,97470.86454685402,38.993408740417834,2391.1385483553895,5706.996188553354,14663175.0
2024-07-19,88200,89600,87000,88000,366108,98037.07954210025,96769.31902486485,37.979562060158415,1267.7605172354088,5485.067889370971,14297067.0
2024-07-22,87500,87600,82500,85700,465862,96139.06730485406,95949.36946746745,35.681624522784965,189.697837386615,5486.134468701616,13831205.0
2024-07-23,86400,87400,83100,84700,488639,94379.21079641498,95116.08284024763,34.69861603576532,-736.8720438326563,5401.410578080073,13342566.0
2024-07-24,82600,85700,80900,83800,500532,92751.63990465882,94277.85448171076,33.7961981605432,-1526.214577051942,5358.452679645781,12842034.0
2024-07-25,81000,82200,79600,80400,505102,90851.38761163437,93249.8652608433,30.5624594378936,-2398.4776492089295,5275.706059671083,12336932.0
2024-07-26,82300,84400,81700,83300,380707,89689.63567138293,92512.83820448453,36.1722943045978,-2823.202533101605,5184.584198266006,12717639.0
2024-07-29,84800,86500,83100,84500,294646,88891.23018347786,91919.29463378197,38.39034986905651,-3028.0644503041112,5057.113898389863,13012285.0
2024-07-30,82700,82900,80600,82100,164629,87846.42553986589,91191.93947572404,35.71701694866911,-3345.513935858151,4974.46290564773,12847656.0
2024-07-31,82000,86200,80800,86200,347623,87593.12930296345,90822.16618122596,43.01717482260769,-3229.036878262501,5004.858412387178,13195279.0
2024-08-01,86000,87500,81000,83300,580916,86932.6478717383,90264.96868632032,39.59229213528292,-3332.3208145820245,5111.654240073809,12614363.0
2024-08-02,80200,80800,74600,75900,531160,85235.3174299324,89200.89693177807,32.484987577612124,-3965.57950184567,5367.964651497109,12083203.0
2024-08-05,72800,76400,67900,70400,463772,82952.9609022505,87808.23789979452,28.40380144855895,-4855.276997544017,5591.681462104459,11619431.0
2024-08-06,75900,76100,71600,74400,332875,81637.12076344273,86815.03509240234,34.817609598974954,-5177.91432895961,5599.4185005255695,11952306.0
2024-08-07,71500,76500,71500,75200,324219,80646.79449214385,85954.66212259475,36.05148454907716,-5307.867630450899,5556.602893345172,12276525.0
2024-08-08,72100,74100,71100,72200,501234,79347.28764719864,84935.7982616618,33.49120389512709,-5588.510614463157,5452.559829534803,11775291.0
2024-08-09,74400,76000,73100,75700,212758,78786.16647070654,84251.66505709424,38.93944872594692,-5465.498586387708,5334.519841710889,11988049.0
2024-08-12,76400,78000,75800,77200,183223,78542.1408598286,83729.31949730948,41.16393162266463,-5187.178637480873,5117.768424445825,12171272.0
2024-08-13,77000,79300,76100,77900,188557,78443.34995831652,83297.51805306433,42.22178131164349,-4854.168094747802,4980.784965556837,12359829.0
2024-08-14,80000,83800,79700,82300,287543,79036.68073396014,83223.62782691141,48.49086278485182,-4186.947092951275,5046.443182302778,12647372.0
2024-08-16,86000,89400,85000,88100,281630,80431.03754412012,83584.84058047354,55.36578333130735,-3153.80303635342,5193.125812138293,12929002.0
2024-08-19,89600,89600,86200,86200,225466,81318.5702296401,83778.55609303105,52.87605071276335,-2459.985863390946,5065.045396985558,12703536.0
2024-08-20,87500,90000,87100,89300,181069,82546.48250200317,84187.55193799171,56.326841562304885,-1641.0694359885383,4974.685011486589,12884605.0
2024-08-21,89300,89700,84000,84100,269416,82785.48519400269,84181.06660925159,49.746267359537256,-1395.5814152489038,5026.493224951833,12615189.0
2024-08-22,85500,87000,84300,84800,356825,83095.4105487715,84226.9135270848,50.58322252101443,-1131.5029783133068,4874.600851740988,12972014.0
