DateTime,Close,Open,Low,High,Volume
2024-06-26 15:00:00,+81300,+81100,+81000,+81300,1978122
2024-06-26 14:00:00,+81100,+81100,+81000,+81400,2339346
2024-06-26 13:00:00,+81100,+80900,80800,+81100,1898495
2024-06-26 12:00:00,+80900,-80700,-80500,+80900,756281
2024-06-26 11:00:00,-80700,-80700,-80500,+80900,921397
2024-06-26 10:00:00,-80600,-80500,-80300,-80700,1319588
2024-06-26 09:00:00,-80600,-80100,-79900,+81000,6441252
2024-06-25 15:00:00,+80800,+80900,-80400,+81000,3399262
2024-06-25 14:00:00,+80900,+81500,+80700,+81600,2639432
2024-06-25 13:00:00,+81500,+81500,+81300,+81600,1094778
2024-06-25 12:00:00,+81500,+81500,+81400,+81800,1609364
2024-06-25 11:00:00,+81500,+81100,+81100,+81600,2021213
2024-06-25 10:00:00,+81100,-80400,-80400,+81300,2428750
2024-06-25 09:00:00,-80400,80600,-80100,+80900,4214364
2024-06-24 15:00:00,+80600,+80700,+80400,+80800,1959003
2024-06-24 14:00:00,+80700,+80200,+80200,+80900,2060545
2024-06-24 13:00:00,+80200,+80100,80000,+80400,1469970
2024-06-24 12:00:00,80000,-79800,-79800,+80200,1021003
2024-06-24 11:00:00,-79800,-79800,-79700,80000,932540
2024-06-24 10:00:00,-79800,+80200,-79700,+80400,2260136
2024-06-24 09:00:00,+80300,-79700,-79500,+80400,3879338
2024-06-21 15:00:00,-80000,-80400,-80000,-80600,3973840
2024-06-21 14:00:00,-80500,-80300,-80200,-80600,1258108
2024-06-21 13:00:00,-80300,-80500,-80300,-80600,1030897
2024-06-21 12:00:00,-80500,-80200,-80200,-80600,1508362
2024-06-21 11:00:00,-80300,-80000,-80000,-80400,1140883
2024-06-21 10:00:00,-80000,-80300,-80000,-80400,1887640
2024-06-21 09:00:00,-80300,-80700,-80000,-80800,6117209
2024-06-20 15:00:00,+81600,+81900,+81600,+82000,2457677
2024-06-20 14:00:00,+81900,+82000,+81800,+82100,2360281
2024-06-20 13:00:00,+82100,+81800,+81600,+82100,2480820
2024-06-20 12:00:00,+81900,+81500,+81500,+81900,1126092
2024-06-20 11:00:00,+81500,+81600,+81300,+81600,1503138
2024-06-20 10:00:00,+81600,+81400,81200,+82200,4778711
2024-06-20 09:00:00,+81500,+81500,81200,+82000,5082836
2024-06-19 15:00:00,+81200,+81200,+81100,+81400,2404200
2024-06-19 14:00:00,+81100,+80900,+80800,+81300,2263012
2024-06-19 13:00:00,+80900,+81000,+80800,+81200,1452054
2024-06-19 12:00:00,+81000,+80900,+80500,+81200,2047650
2024-06-19 11:00:00,+80900,+81400,+80700,+81400,1753619
2024-06-19 10:00:00,+81400,+81400,+80800,+81500,2768461
2024-06-19 09:00:00,+81400,+81100,+81000,+82500,11072047
2024-06-18 15:00:00,+79800,+79900,+79700,+79900,1755588
2024-06-18 14:00:00,+79900,+79800,+79700,+80000,1949264
2024-06-18 13:00:00,+79900,+79800,+79800,+79900,886332
2024-06-18 12:00:00,+79800,+79800,+79700,+79900,890933
2024-06-18 11:00:00,+79900,+80100,+79700,+80100,1654098
2024-06-18 10:00:00,+80000,+79800,+79600,+80100,3566265
2024-06-18 09:00:00,+79900,+78700,+78600,+80200,7256553
2024-06-17 15:00:00,-78100,-78100,-78000,-78400,1976638
2024-06-17 14:00:00,-78100,-78500,-78000,-78600,2541284
2024-06-17 13:00:00,-78500,-79200,-78400,-79400,1815719
2024-06-17 12:00:00,-79300,-78400,-78200,-79500,2299807
2024-06-17 11:00:00,-78300,-78500,-78300,-78700,1083245
2024-06-17 10:00:00,-78500,-78800,-78400,-79100,1995965
2024-06-17 09:00:00,-78900,-79200,-78500,-79500,4334979
2024-06-14 15:00:00,+79600,+79800,+79600,+80000,2829574
2024-06-14 14:00:00,+79800,+79800,+79500,+79900,1862269
2024-06-14 13:00:00,+79800,+79900,+79800,+80000,1297851
2024-06-14 12:00:00,+80000,+80000,+79800,+80000,1154675
2024-06-14 11:00:00,+80000,+80000,+79800,+80000,1142192
2024-06-14 10:00:00,+79900,+80400,+79400,+80400,4101117
2024-06-14 09:00:00,+80300,+79700,+79000,+80500,10413254
2024-06-13 15:00:00,+78600,+78700,+78600,+79000,8324640
2024-06-13 14:00:00,+78700,+78800,+78500,+78800,3462556
2024-06-13 13:00:00,+78800,+78500,+78400,+78800,3264887
2024-06-13 12:00:00,+78400,+78400,+78200,+78500,1665398
2024-06-13 11:00:00,+78400,+78500,+78200,+78600,2873931
2024-06-13 10:00:00,+78400,+78300,+78200,+78500,4037095
2024-06-13 09:00:00,+78300,+78400,+77800,+78400,9691415
2024-06-12 15:00:00,+76500,+76700,+76200,+76700,2591215
2024-06-12 14:00:00,+76600,+75300,+75300,+77100,4810583
2024-06-12 13:00:00,+75400,+75400,+75300,+75600,1289435
2024-06-12 12:00:00,+75500,+75500,+75300,+75500,888718
2024-06-12 11:00:00,+75400,+75500,+75400,+75700,876074
2024-06-12 10:00:00,+75600,+75600,+75400,+75800,1776880
2024-06-12 09:00:00,+75700,+75300,75200,+76100,4470819
2024-06-11 15:00:00,-75200,-75500,-75200,-75600,2332577
2024-06-11 14:00:00,-75500,-75300,-75300,+76000,3000858
2024-06-11 13:00:00,-75300,-75200,-75100,-75500,2074324
2024-06-11 12:00:00,-75300,-75400,-75200,-75400,1439893
2024-06-11 11:00:00,-75400,-75400,-75300,-75500,1432139
2024-06-11 10:00:00,-75400,-75500,-75300,-75600,2014703
2024-06-11 09:00:00,-75400,+75900,-75300,+76000,4355287
2024-06-10 15:00:00,-75700,-76400,-75700,-76400,1952255
2024-06-10 14:00:00,-76400,-76300,-76200,-76600,1666212
2024-06-10 13:00:00,-76300,-75800,-75800,-76400,1602737
2024-06-10 12:00:00,-75800,-75900,-75800,-75900,629135
2024-06-10 11:00:00,-75900,-75900,-75700,-75900,1034249
2024-06-10 10:00:00,-75900,-75700,-75600,-75900,1646077
2024-06-10 09:00:00,-75800,-76100,-75700,-76600,5771830
2024-06-07 15:00:00,-77300,-77300,-77200,+77500,1913661
2024-06-07 14:00:00,-77300,77400,-77200,+77500,1558273
2024-06-07 13:00:00,-77300,-77300,-77100,+77500,1985222
2024-06-07 12:00:00,-77200,-77300,-77100,77400,1336433
2024-06-07 11:00:00,-77300,+77600,-77200,+77600,2163867
2024-06-07 10:00:00,+77500,+77600,-77100,+77700,3183754
2024-06-07 09:00:00,+77500,+78400,+77500,+78600,8081876
2024-06-05 15:00:00,+77400,+77500,+77400,+77600,2218872
2024-06-05 14:00:00,+77500,+77300,+77100,+77600,2508861
2024-06-05 13:00:00,+77300,+77400,+77000,+77400,1412732
2024-06-05 12:00:00,+77300,+77500,+77300,+77500,1523344
2024-06-05 11:00:00,+77400,+77500,+77200,+77500,1762022
2024-06-05 10:00:00,+77500,+77200,+77100,+77600,3140433
2024-06-05 09:00:00,+77200,+78000,+76800,+78000,10443541
2024-06-04 15:00:00,-75300,-75500,-75300,-75600,1742357
2024-06-04 14:00:00,-75500,+75800,-75400,+75900,1753367
2024-06-04 13:00:00,75700,-75600,-75500,+75900,1050021
2024-06-04 12:00:00,-75600,75700,-75500,+75800,878507
2024-06-04 11:00:00,+75800,75700,-75500,+75900,1027727
2024-06-04 10:00:00,75700,-75200,-75100,+76100,2610795
2024-06-04 09:00:00,-75200,-74900,-74900,+75800,3955021
2024-06-03 15:00:00,+75700,+75700,+75500,+75800,1173344
2024-06-03 14:00:00,+75700,+76000,+75600,+76000,1153531
2024-06-03 13:00:00,+76000,+76000,+75900,+76200,800252
2024-06-03 12:00:00,+76000,+76000,+75800,+76400,2091275
2024-06-03 11:00:00,+75900,+75800,+75700,+76100,1391378
2024-06-03 10:00:00,+75800,+75600,+75500,+76100,2891909
2024-06-03 09:00:00,+75600,+74400,+74200,+75700,5998729
2024-05-31 15:00:00,73500,+73800,73500,+73800,9124014
2024-05-31 14:00:00,+73700,+74100,+73700,+74200,2301615
2024-05-31 13:00:00,+74100,+74100,+74000,+74300,1410177
2024-05-31 12:00:00,+74100,+74300,+74100,+74400,1338272
2024-05-31 11:00:00,+74400,+74200,+74000,+74400,1716204
2024-05-31 10:00:00,+74300,+74100,+74100,+74500,2132391
2024-05-31 09:00:00,+74100,+74500,+73900,+74700,5516007
2024-05-30 15:00:00,-73500,-74000,-73500,-74000,3783054
2024-05-30 14:00:00,-74000,-73600,-73600,-74200,4909869
2024-05-30 13:00:00,-73600,-74300,-73500,-74300,5658370
2024-05-30 12:00:00,-74200,-74300,-74100,-74300,1956135
2024-05-30 11:00:00,-74200,-74500,-74200,-74800,1999420
2024-05-30 10:00:00,-74600,-74400,-74300,-74700,2141328
2024-05-30 09:00:00,-74400,-74800,-74300,75200,7697223
2024-05-29 15:00:00,-75200,-75300,-75200,-75700,4568445
2024-05-29 14:00:00,-75400,-75900,-75200,-76000,4539645
2024-05-29 13:00:00,-75900,-76200,-75600,-76200,4037935
2024-05-29 12:00:00,-76100,-76600,-75800,-76700,4153860
2024-05-29 11:00:00,-76600,+77700,-76500,+77700,3701797
2024-05-29 10:00:00,77600,+77700,-77200,+77800,2462850
2024-05-29 09:00:00,77600,+77700,-77400,+78200,6229772
2024-05-28 15:00:00,+77600,+77900,+77600,+78000,1922618
2024-05-28 14:00:00,+77900,+77700,+77400,+77900,2370964
2024-05-28 13:00:00,+77700,+77800,+77600,+77900,1466351
2024-05-28 12:00:00,+77800,+77800,+77600,+77900,1296101
2024-05-28 11:00:00,+77800,+77800,+77600,+77900,1513104
2024-05-28 10:00:00,+77900,+77400,+77400,+77900,3187496
2024-05-28 09:00:00,+77400,-76500,-76200,+77500,6108907
2024-05-27 15:00:00,+77200,+77800,+77100,+78200,5419966
2024-05-27 14:00:00,+77900,-74700,-74600,+78100,8313798
2024-05-27 13:00:00,-74800,-75000,-74600,-75200,3170267
2024-05-27 12:00:00,-75000,-75000,-74900,-75400,2286751
2024-05-27 11:00:00,-75000,-74200,-74200,-75400,5652305
2024-05-27 10:00:00,-74300,-74800,-74000,-74800,7763308
2024-05-27 09:00:00,-74800,-75300,-74700,-75500,10976360
2024-05-24 15:00:00,-75900,-75900,-75800,-76000,3056749
2024-05-24 14:00:00,-76000,-75900,-75800,-76000,3194837
2024-05-24 13:00:00,-75900,-76000,-75900,-76100,2303169
2024-05-24 12:00:00,-76100,-76300,-76000,-76400,2428168
2024-05-24 11:00:00,-76400,-76400,-76300,-76500,1376770
2024-05-24 10:00:00,-76500,-76700,-76400,-76800,2608205
2024-05-24 09:00:00,-76800,-76800,-75700,-77000,12817047
2024-05-23 15:00:00,+78300,+78600,+78300,+78700,2162570
2024-05-23 14:00:00,+78600,+78700,+78500,+78800,1581258
2024-05-23 13:00:00,+78700,+79000,+78400,+79100,2447627
2024-05-23 12:00:00,+78900,+78300,+78300,+79000,2647039
2024-05-23 11:00:00,+78300,-77400,-77300,+78800,3138495
2024-05-23 10:00:00,-77300,-77300,-77200,-77400,1565875
2024-05-23 09:00:00,-77200,77700,-77100,+78100,5051991
2024-05-22 15:00:00,-77700,-78000,-77700,-78000,2047944
2024-05-22 14:00:00,-78000,-77900,-77700,-78100,2591377
2024-05-22 13:00:00,-77900,-78100,-77800,-78200,1816413
2024-05-22 12:00:00,-78100,78400,-78100,+78700,2681482
2024-05-22 11:00:00,-78300,+78500,-78100,+78500,1516291
2024-05-22 10:00:00,78400,-78000,-77900,+78700,3041202
2024-05-22 09:00:00,-77900,-78100,-77300,-78200,5481236
2024-05-21 15:00:00,-78400,-78200,-78200,-78500,1975308
2024-05-21 14:00:00,-78200,-78400,-78200,-78500,1567708
2024-05-21 13:00:00,-78400,-78400,-78200,-78500,1414544
2024-05-21 12:00:00,-78500,-78600,-78400,-78700,866429
2024-05-21 11:00:00,-78600,-78600,-78400,78900,1568996
2024-05-21 10:00:00,-78700,-78500,-78500,+79000,2237840
2024-05-21 09:00:00,-78600,-78500,-78200,-78800,3639701
2024-05-20 15:00:00,+78900,+78800,+78400,+78900,2335917
2024-05-20 14:00:00,+78700,+78600,+78500,+78900,2538110
2024-05-20 13:00:00,+78600,+78300,+78200,+78800,1959031
2024-05-20 12:00:00,+78300,+78500,+77900,+78600,2436070
2024-05-20 11:00:00,+78500,+78400,+78300,+78600,1179243
2024-05-20 10:00:00,+78400,+78700,+78300,+78700,1767829
2024-05-20 09:00:00,+78700,+78100,+77900,+79100,6107530
2024-05-17 15:00:00,-77400,-77300,-77300,-77500,1986926
2024-05-17 14:00:00,-77400,-77300,-77300,-77500,1439312
2024-05-17 13:00:00,-77300,-77300,-77200,-77400,1281428
2024-05-17 12:00:00,-77300,-77400,-77300,-77500,1430054
2024-05-17 11:00:00,-77500,-77500,-77400,-77700,1513864
2024-05-17 10:00:00,-77400,-78100,-77400,-78100,3384532
2024-05-17 09:00:00,-78000,+78600,-77900,+78800,4653279
2024-05-16 15:00:00,-78200,-78200,-78100,+78500,2980813
2024-05-16 14:00:00,78300,+78400,-78200,+78500,1602987
2024-05-16 13:00:00,+78500,78300,-78100,+78500,1591636
2024-05-16 12:00:00,-78200,+78400,-78200,+78500,1360988
2024-05-16 11:00:00,+78400,+78500,78300,+78600,1608762
2024-05-16 10:00:00,+78600,+79500,+78400,+79600,3964190
2024-05-16 09:00:00,+79600,+80200,+79200,+80300,7260413
2024-05-14 15:00:00,-78300,-78200,-78100,-78300,1508918
2024-05-14 14:00:00,-78200,-78300,-78200,78400,786139
2024-05-14 13:00:00,-78200,-78200,-78000,-78300,911623
2024-05-14 12:00:00,-78100,-78100,-78000,-78200,1037303
2024-05-14 11:00:00,-78100,78400,-78100,+78600,1316281
2024-05-14 10:00:00,78400,-78100,-78000,+78500,1769879
2024-05-14 09:00:00,-78100,+78600,-77900,+78800,4102219
2024-05-13 15:00:00,-78400,-77800,-77700,-78400,1902102
2024-05-13 14:00:00,-77800,-77700,-77600,-78100,2080965
2024-05-13 13:00:00,-77700,-77700,-77600,-77800,1418395
2024-05-13 12:00:00,-77800,-77800,-77600,-77900,1322876
2024-05-13 11:00:00,-77700,-77800,-77700,-78000,1936410
2024-05-13 10:00:00,-77800,-78900,-77600,-79000,5198480
2024-05-13 09:00:00,-78900,+79400,-78800,+79900,4723140
2024-05-10 15:00:00,-79200,-79000,-79000,-79200,1629044
2024-05-10 14:00:00,-79000,-79200,-79000,-79500,2187872
2024-05-10 13:00:00,-79100,-79100,-79100,-79300,1459126
2024-05-10 12:00:00,-79200,-79300,-79000,-79400,1210653
2024-05-10 11:00:00,-79300,79700,-78900,+79800,3344313
2024-05-10 10:00:00,79700,79700,-79600,+80000,2057050
2024-05-10 09:00:00,+79800,+80400,-79600,+81100,4845542
2024-05-09 15:00:00,-79700,-80000,-79700,-80100,4851646
2024-05-09 14:00:00,-80000,-80000,-79800,-80200,2538804
2024-05-09 13:00:00,-79900,-80500,-79900,-80500,2162471
2024-05-09 12:00:00,-80400,-80800,-80300,-80900,2580574
2024-05-09 11:00:00,-80800,81300,-80800,81300,1499710
2024-05-09 10:00:00,81300,+81400,-80800,+81500,2327784
2024-05-09 09:00:00,+81400,-81100,-80800,+81500,2736627
2024-05-08 15:00:00,81300,-81200,-81100,+81400,2416146
2024-05-08 14:00:00,-81200,-81000,-81000,+81400,1517355
2024-05-08 13:00:00,-81100,-80800,-80800,-81200,1339991
2024-05-08 12:00:00,-80800,-80900,-80800,-81000,950085
2024-05-08 11:00:00,-80900,-80900,-80800,-81100,958623
2024-05-08 10:00:00,-80900,-80900,-80900,-81200,1691323
2024-05-08 09:00:00,-80900,-80800,-80500,-81200,4069758
2024-05-07 15:00:00,+81300,+81100,+80900,+81300,2696810
2024-05-07 14:00:00,+81100,+81000,+80900,+81200,3363129
2024-05-07 13:00:00,+81000,+80700,+80600,+81000,3156554
2024-05-07 12:00:00,+80600,+80500,+80500,+80800,1353020
2024-05-07 11:00:00,+80500,+80500,+80400,+80600,2085882
2024-05-07 10:00:00,+80500,+80300,+80200,+80600,3236327
2024-05-07 09:00:00,+80400,+79600,+79400,+80400,8887660
2024-05-03 15:00:00,-77600,-77700,-77500,-77800,1681315
2024-05-03 14:00:00,-77700,+78200,-77600,+78300,2469622
2024-05-03 13:00:00,+78300,+78400,+78100,+78400,953182
2024-05-03 12:00:00,+78400,+78300,+78200,+78500,1323844
2024-05-03 11:00:00,+78300,+78300,+78100,+78400,870645
2024-05-03 10:00:00,+78300,+78300,+78200,+78600,1607160
2024-05-03 09:00:00,+78300,+79000,78000,+79000,4150805
2024-05-02 15:00:00,+78000,+77900,+77900,+78100,2303890
2024-05-02 14:00:00,+77900,+78000,+77900,+78200,1484098
2024-05-02 13:00:00,+78100,+77800,+77700,+78200,1662829
2024-05-02 12:00:00,+77800,+78000,+77700,+78200,1654178
2024-05-02 11:00:00,+78000,+78400,+77800,+78500,1721115
2024-05-02 10:00:00,+78400,+78300,+78000,+78600,3717741
2024-05-02 09:00:00,+78300,+77600,-77300,+78300,6121260
2024-04-30 15:00:00,+77500,+77800,+77500,+77900,4207134
2024-04-30 14:00:00,+77900,+77900,+77800,+78100,1833600
2024-04-30 13:00:00,+78000,+78100,+77900,+78200,1379290
2024-04-30 12:00:00,+78000,+77900,+77800,+78100,1231023
2024-04-30 11:00:00,+77900,+77800,+77700,+78100,1432930
2024-04-30 10:00:00,+77800,+77800,+77700,+78100,1909720
2024-04-30 09:00:00,+77800,+77000,-76600,+78500,6825170
2024-04-29 15:00:00,76700,-76600,-76500,+76800,1673134
2024-04-29 14:00:00,-76500,-76400,-76200,+76800,2323898
2024-04-29 13:00:00,-76400,-76400,-76300,+76800,2357029
2024-04-29 12:00:00,-76400,-76300,-76200,-76400,1338605
2024-04-29 11:00:00,-76300,+76900,-76300,+76900,1501990
2024-04-29 10:00:00,+76900,+76800,-76500,+77000,1438359
2024-04-29 09:00:00,+76800,+77400,-76600,+77600,3613978
2024-04-26 15:00:00,+76700,+76800,+76700,+76800,1449015
2024-04-26 14:00:00,+76800,+76700,+76500,+76900,1226342
2024-04-26 13:00:00,+76700,+76800,+76500,+76900,1312913
2024-04-26 12:00:00,+76900,+77100,+76800,+77200,1086696
2024-04-26 11:00:00,+77000,+77200,+77000,+77500,1069410
2024-04-26 10:00:00,+77300,+77100,+76800,+77300,1974481
2024-04-26 09:00:00,+77100,+77800,+77000,+77900,4112434
2024-04-25 15:00:00,-76300,-76500,-76300,-76600,2505931
2024-04-25 14:00:00,-76600,-76800,-76500,-76800,1654050
2024-04-25 13:00:00,-76700,-76800,-76600,-77000,1970264
2024-04-25 12:00:00,-76900,-76800,-76700,-77000,793187
2024-04-25 11:00:00,-76900,-76800,-76700,-77100,1600819
2024-04-25 10:00:00,-76900,-77300,-76800,-77400,2000554
2024-04-25 09:00:00,-77300,-77300,-76800,-77500,4862307
2024-04-24 15:00:00,+78600,+78300,+78000,+78600,2211681
2024-04-24 14:00:00,+78300,+78600,+78200,+78700,2957563
2024-04-24 13:00:00,+78600,+78500,+78400,+78700,1361412
2024-04-24 12:00:00,+78400,+78500,+78300,+78800,2396570
2024-04-24 11:00:00,+78400,+78100,+78000,+78500,2203176
2024-04-24 10:00:00,+78200,+77800,+77800,+78200,2593320
2024-04-24 09:00:00,+77800,+77500,+77200,+78300,8080788
2024-04-23 15:00:00,-75500,-75800,-75500,-75800,2858871
2024-04-23 14:00:00,-75800,-75900,-75600,-76000,1963466
2024-04-23 13:00:00,-75800,-75900,-75700,+76200,1573891
2024-04-23 12:00:00,-75800,76100,-75800,+76300,2352623
2024-04-23 11:00:00,76100,76100,-76000,+76300,806146
2024-04-23 10:00:00,+76200,+76600,-76000,+76700,2255777
2024-04-23 09:00:00,+76600,+76400,76100,+76800,6227489
2024-04-22 15:00:00,-76100,-76000,-75900,-76400,3126161
2024-04-22 14:00:00,-76000,-75600,-75100,-76000,5421066
2024-04-22 13:00:00,-75700,-75700,-75500,-75900,3014786
2024-04-22 12:00:00,-75700,-75700,-75500,-75900,2143490
2024-04-22 11:00:00,-75800,-76200,-75500,-76200,4455325
2024-04-22 10:00:00,-76200,-76400,-76100,-76900,3522596
2024-04-22 09:00:00,-76400,-77400,-76300,-77500,8488323
2024-04-19 15:00:00,-77600,-77600,-77400,-77600,2371634
2024-04-19 14:00:00,-77600,-77700,-77400,-77900,2139441
2024-04-19 13:00:00,-77700,-77100,-77000,-77800,3487538
2024-04-19 12:00:00,-77000,-76600,-76600,-77200,2796323
2024-04-19 11:00:00,-76600,-77100,-76300,-77100,4925310
2024-04-19 10:00:00,-77000,-77400,-76900,-77700,5357364
2024-04-19 09:00:00,-77400,-78300,-77300,-78700,10117521
2024-04-18 15:00:00,+79600,+79700,+79500,+80100,2682181
2024-04-18 14:00:00,+79700,+79500,+79400,+80000,2532147
2024-04-18 13:00:00,+79400,+79300,+79100,+79700,1739196
2024-04-18 12:00:00,+79300,+79900,+79300,+79900,1741541
2024-04-18 11:00:00,+79900,+79800,+79500,+80000,2041175
2024-04-18 10:00:00,+79700,+79200,+79100,+79800,2388039
2024-04-18 09:00:00,+79200,-78800,-78300,+79500,6673588
2024-04-17 15:00:00,-78900,-79100,-78900,-79200,2724584
2024-04-17 14:00:00,-79100,+80100,-79000,+80200,3522139
2024-04-17 13:00:00,+80200,-79300,-79300,+80200,2553655
2024-04-17 12:00:00,-79400,-79400,-79300,-79700,1717555
2024-04-17 11:00:00,-79500,-79400,-79100,-79600,1347389
2024-04-17 10:00:00,-79500,80000,-78900,80000,4698848
2024-04-17 09:00:00,80000,+80700,-79900,+80800,5694405
2024-04-16 15:00:00,-80000,-80300,-80000,-80300,2163288
2024-04-16 14:00:00,-80300,-79900,-79600,-80400,3558247
2024-04-16 13:00:00,-79800,-79900,-79800,-80000,1713486
2024-04-16 12:00:00,-79900,-79900,-79600,-80000,2234163
2024-04-16 11:00:00,-79900,-79800,-79400,-80000,4427817
2024-04-16 10:00:00,-79900,-80300,-79700,-80400,6284885
2024-04-16 09:00:00,-80400,-81200,-80100,-81300,10619896
2024-04-15 15:00:00,-82200,-82400,-82200,-82500,1848335
2024-04-15 14:00:00,-82400,-81900,-81700,-82500,2887841
2024-04-15 13:00:00,-81800,-81400,-81300,-81900,2369686
2024-04-15 12:00:00,-81400,-81400,-81200,-81700,2286684
2024-04-15 11:00:00,-81400,-81700,-81400,-81900,2037001
2024-04-15 10:00:00,-81800,-81900,-81400,-82000,4625382
2024-04-15 09:00:00,-81900,-82900,-81800,-83200,10050560
2024-04-12 15:00:00,-83700,-83300,-83200,-83700,2694926
2024-04-12 14:00:00,-83300,-83400,-83200,-83500,2085196
2024-04-12 13:00:00,-83500,-83600,-83400,-83600,1264229
2024-04-12 12:00:00,-83600,-83800,-83500,-83900,1471486
2024-04-12 11:00:00,-83800,-84000,-83800,84100,1176234
2024-04-12 10:00:00,-84000,84100,-83800,+84300,1524887
2024-04-12 09:00:00,+84200,+84700,-83600,+84900,6746485
2024-04-11 15:00:00,+84100,+84400,+84000,+84500,5407633
2024-04-11 14:00:00,+84500,+84300,+84200,+84700,2901782
2024-04-11 13:00:00,+84200,+84200,+84100,+84500,1620243
2024-04-11 12:00:00,+84200,+84200,+84000,+84300,1784241
2024-04-11 11:00:00,+84200,+84200,+84100,+84400,1703326
2024-04-11 10:00:00,+84200,-83100,-83000,+84300,3568398
2024-04-11 09:00:00,-83100,-83200,-82500,-83400,8350666
2024-04-09 15:00:00,-83600,-83500,-83400,-83800,1486560
2024-04-09 14:00:00,-83500,-83700,-83200,-83900,2373927
2024-04-09 13:00:00,-83700,-83800,-83500,-83900,1523606
2024-04-09 12:00:00,-83800,-83200,-83100,-83800,1689435
2024-04-09 11:00:00,-83300,-83800,-83100,-83900,2992774
2024-04-09 10:00:00,-83800,-84300,-83800,-84400,2491400
2024-04-09 09:00:00,-84300,84500,-84000,+84900,5771531
2024-04-08 15:00:00,84500,+84900,84500,+85000,1678107
2024-04-08 14:00:00,+84900,+84700,84500,+85000,2034947
2024-04-08 13:00:00,+84700,+84700,84500,+84800,1689767
2024-04-08 12:00:00,+84600,+84700,+84600,+85000,1311830
2024-04-08 11:00:00,+84700,+85300,+84700,+85500,1784095
2024-04-08 10:00:00,+85300,+85800,+85200,+85800,2240130
2024-04-08 09:00:00,+85700,+85200,+85000,+86000,7765287
2024-04-05 15:00:00,-84500,-84400,-84300,-84500,1625476
2024-04-05 14:00:00,-84400,-84100,-84000,-84400,1400788
2024-04-05 13:00:00,-84100,-84400,-84000,-84500,1295640
2024-04-05 12:00:00,-84400,-84300,-84100,-84500,1052831
2024-04-05 11:00:00,-84200,-83900,-83900,-84300,1731887
2024-04-05 10:00:00,-84000,-84700,-83800,-84800,3548677
2024-04-05 09:00:00,-84700,-84500,-83800,-85000,8063043
2024-04-04 15:00:00,+85300,+85000,+85000,+85300,2889861
2024-04-04 14:00:00,+85100,+85000,+84900,+85100,1731276
2024-04-04 13:00:00,+85000,+84900,+84900,+85300,2129845
2024-04-04 12:00:00,+84900,+84800,+84800,+85100,1820125
2024-04-04 11:00:00,+84800,+84300,+84300,+85000,1906638
2024-04-04 10:00:00,+84300,+85200,+84300,+85300,5147434
2024-04-04 09:00:00,+85300,+85200,+84800,+85500,9183388
2024-04-03 15:00:00,-84100,-84100,-84000,-84500,2746838
2024-04-03 14:00:00,-84100,-84700,-84000,-84800,2817988
2024-04-03 13:00:00,-84800,-84600,-84500,85000,3778720
2024-04-03 12:00:00,-84500,-84200,-84100,-84700,1859225
2024-04-03 11:00:00,-84200,-84300,-83800,-84300,2237807
2024-04-03 10:00:00,-84200,-84000,-83500,-84400,5145733
2024-04-03 09:00:00,-84000,-84300,-83800,85000,11543018
2024-04-02 15:00:00,+85000,+84900,+84800,+85000,4020774
2024-04-02 14:00:00,+84800,+84700,+84700,+84900,4055428
2024-04-02 13:00:00,+84800,+84800,+84600,+84900,2870239
2024-04-02 12:00:00,+84700,+84900,+84400,+84900,2534733
2024-04-02 11:00:00,+84800,+84600,+84500,+85000,4461272
2024-04-02 10:00:00,+84500,+83700,+83600,+84700,8893883
2024-04-02 09:00:00,+83700,+82900,+82900,+83900,9974967
2024-04-01 15:00:00,-82000,-82100,-82000,-82300,1170314
2024-04-01 14:00:00,-82100,+82700,-82100,+82700,2771018
2024-04-01 13:00:00,+82700,+82800,+82500,+82900,1827866
2024-04-01 12:00:00,+82800,+82700,+82500,+82800,1566204
2024-04-01 11:00:00,+82700,+82700,+82500,+82800,1804594
2024-04-01 10:00:00,+82700,+82500,-82300,+82800,2281262
2024-04-01 09:00:00,82400,+83200,-82000,+83300,8616851
2024-03-29 15:00:00,+82400,+82400,+82300,+82500,2060061
2024-03-29 14:00:00,+82500,+82300,+82200,+82500,3065113
2024-03-29 13:00:00,+82300,+82200,+82100,+82300,1474880
2024-03-29 12:00:00,+82300,+82500,+82100,+82500,2667910
2024-03-29 11:00:00,+82500,+82200,+82100,+82500,3501849
2024-03-29 10:00:00,+82200,+81800,+81700,+82200,2706280
2024-03-29 09:00:00,+81900,+81200,+80900,+82300,11368963
2024-03-28 15:00:00,+80800,+80800,+80800,+80900,2805388
2024-03-28 14:00:00,+80800,+80900,+80700,+80900,2550915
2024-03-28 13:00:00,+80800,+80500,+80400,+81000,5057516
2024-03-28 12:00:00,+80400,+80100,+80100,+80500,3483090
2024-03-28 11:00:00,+80100,+80000,+79900,+80200,1783650
2024-03-28 10:00:00,+80000,+79900,-79600,+80000,2069265
2024-03-28 09:00:00,79800,-79400,-79200,+80300,7094395
2024-03-27 15:00:00,-79800,-79500,-79500,-79800,1888181
2024-03-27 14:00:00,-79500,-79700,-79400,-79700,3108134
2024-03-27 13:00:00,-79600,-79600,-79500,-79700,1295998
2024-03-27 12:00:00,-79500,-79600,-79500,-79700,1149374
2024-03-27 11:00:00,-79700,-79800,-79500,-79800,1395712
2024-03-27 10:00:00,-79700,-79700,-79500,79900,2315366
2024-03-27 09:00:00,-79700,-79200,-79200,+80000,6054163
2024-03-26 15:00:00,+79900,+79800,+79500,+79900,3580783
2024-03-26 14:00:00,+79700,+79700,+79600,+79900,2629752
2024-03-26 13:00:00,+79800,+79600,+79400,+79800,1656352
2024-03-26 12:00:00,+79500,+79800,+79500,+79900,2047774
2024-03-26 11:00:00,+79800,+79800,+79800,+80000,2207263
2024-03-26 10:00:00,+79800,+79600,+79500,+80100,9426926
2024-03-26 09:00:00,+79500,+79700,+79200,+79700,8434055
2024-03-25 15:00:00,-78200,-78200,-78200,-78600,1886709
2024-03-25 14:00:00,-78200,-78000,-77900,-78600,1997289
2024-03-25 13:00:00,-78100,-78300,-77800,-78400,3195878
2024-03-25 12:00:00,-78300,-78600,-78300,-78700,1589341
2024-03-25 11:00:00,-78600,-78700,-78600,78900,996017
2024-03-25 10:00:00,-78800,-78800,-78600,78900,2396321
2024-03-25 09:00:00,-78800,+79600,-78800,+79800,6557780
2024-03-22 15:00:00,-78900,-78800,-78700,-79000,1692282
2024-03-22 14:00:00,-78900,-78600,-78600,-79000,1979244
2024-03-22 13:00:00,-78600,-78000,-77900,-79000,3382923
2024-03-22 12:00:00,-78000,-78000,-77800,-78100,1442451
2024-03-22 11:00:00,-78000,-78300,-77900,-78400,3386619
2024-03-22 10:00:00,-78300,-78800,-78300,-79000,3483458
2024-03-22 09:00:00,-78900,+79600,-78400,+79900,11213510
2024-03-21 15:00:00,+79300,+79100,+79000,+79300,3686902
2024-03-21 14:00:00,+79200,+79100,+78900,+79200,5875199
2024-03-21 13:00:00,+79000,+78800,+78800,+79100,3734626
2024-03-21 12:00:00,+78800,+79000,+78600,+79000,3489104
2024-03-21 11:00:00,+79000,+78600,+78500,+79100,6725232
2024-03-21 10:00:00,+78700,+77900,+77700,+78700,4719252
2024-03-21 09:00:00,+77900,+79200,+77700,+79200,16127647
2024-03-20 15:00:00,+76900,+76900,+76800,+77000,3643300
2024-03-20 14:00:00,+77000,+76700,+76600,+77000,4050161
2024-03-20 13:00:00,+76600,+76400,+76200,+76900,5625305
2024-03-20 12:00:00,+76300,+76600,+76200,+76700,3675642
2024-03-20 11:00:00,+76600,+76200,+75900,+77200,11279664
2024-03-20 10:00:00,+76100,+73900,+73800,+76200,15742988
2024-03-20 09:00:00,+73800,+73700,+73400,+73900,5735344
2024-03-19 15:00:00,72800,+73000,-72700,+73000,1949480
2024-03-19 14:00:00,+73000,-72200,-72000,+73000,2122627
2024-03-19 13:00:00,-72100,-71900,-71800,-72200,1370369
2024-03-19 12:00:00,-71900,-72000,-71800,-72000,1953229
2024-03-19 11:00:00,-72000,-71800,-71800,-72000,1008345
2024-03-19 10:00:00,-71900,-72000,-71800,-72000,1363238
2024-03-19 09:00:00,-72000,-72300,-71700,-72400,5521779
2024-03-18 15:00:00,+72800,+72900,+72800,+72900,1565514
2024-03-18 14:00:00,+72800,+72700,+72700,+73000,1859321
2024-03-18 13:00:00,+72700,+72700,+72600,+72900,1476135
2024-03-18 12:00:00,+72700,+72600,+72600,+72800,858394
2024-03-18 11:00:00,+72700,+72700,+72500,+72700,1259625
2024-03-18 10:00:00,+72600,+72800,+72600,+72800,1165637
2024-03-18 09:00:00,+72800,+72600,+72500,+72900,3268524
2024-03-15 15:00:00,-72300,-72800,-72300,-72900,6327497
2024-03-15 14:00:00,-72800,-72800,-72700,-72900,2021837
2024-03-15 13:00:00,-72900,-73100,-72800,-73100,1925750
2024-03-15 12:00:00,-73000,-73000,-72900,-73100,1315030
2024-03-15 11:00:00,-73100,-73200,-73000,-73300,1519720
2024-03-15 10:00:00,-73300,-73500,-73100,-73700,2618355
2024-03-15 09:00:00,-73600,-73400,-72900,-73700,6367901
2024-03-14 15:00:00,+74300,+74200,-74000,+74300,6800755
2024-03-14 14:00:00,74100,+74200,74100,+74300,1708158
2024-03-14 13:00:00,74100,+74200,-74000,+74300,1804318
2024-03-14 12:00:00,74100,+74400,-74000,+74400,1245389
2024-03-14 11:00:00,+74400,74100,-74000,+74400,2143959
2024-03-14 10:00:00,74100,-73800,-73700,+74200,2130713
2024-03-14 09:00:00,-73900,+74400,-73600,+74500,5443936
2024-03-13 15:00:00,+74100,+73900,+73900,+74100,2304878
2024-03-13 14:00:00,+74000,+73800,+73800,+74000,1482998
2024-03-13 13:00:00,+73800,+73900,+73700,+74000,1648163
2024-03-13 12:00:00,+73900,+74000,+73700,+74000,1967933
2024-03-13 11:00:00,+74000,+73800,+73700,+74000,1086587
2024-03-13 10:00:00,+73700,+73800,+73600,+74000,2109540
2024-03-13 09:00:00,+73900,+73700,+73500,+74100,4551928
2024-03-12 15:00:00,+73300,+73400,+73200,+73500,1650392
2024-03-12 14:00:00,+73400,+72800,+72800,+73400,2705418
2024-03-12 13:00:00,+72800,+72800,+72700,+72900,949732
2024-03-12 12:00:00,+72800,+72800,+72700,+72900,1154755
2024-03-12 11:00:00,+72800,+72500,72400,+72900,1463883
2024-03-12 10:00:00,+72500,-72300,-72200,+72500,1771693
2024-03-12 09:00:00,-72300,+72600,-72100,+72700,3251784
2024-03-11 15:00:00,-72400,-72400,-72300,-72500,1417600
2024-03-11 14:00:00,-72400,-72600,-72400,-72600,1682854
2024-03-11 13:00:00,-72600,-72700,-72500,-72800,1138505
2024-03-11 12:00:00,-72700,-72800,-72700,-72900,826921
2024-03-11 11:00:00,-72900,-72900,-72800,-72900,344196
2024-03-11 10:00:00,-72800,-72800,-72700,-73000,1171456
2024-03-11 09:00:00,-72700,-72900,-72500,-73100,3124819
2024-03-08 15:00:00,+73300,+73100,+72900,+73300,2269754
2024-03-08 14:00:00,+73000,+72900,+72800,+73200,1901928
2024-03-08 13:00:00,+72800,+72700,+72700,+73100,1844041
2024-03-08 12:00:00,+72700,+72800,+72600,+72900,909447
2024-03-08 11:00:00,+72800,+72900,+72800,+73100,1533751
2024-03-08 10:00:00,+73000,+72900,+72800,+73200,2903291
2024-03-08 09:00:00,+72900,+72800,+72700,+73400,6708526
2024-03-07 15:00:00,-72200,-72300,-72200,-72400,1732681
2024-03-07 14:00:00,-72400,-72500,-72200,-72600,2484180
2024-03-07 13:00:00,-72500,-72600,-72500,-72600,926688
2024-03-07 12:00:00,-72600,-72600,-72500,-72700,1225196
2024-03-07 11:00:00,-72600,-72800,-72500,+73000,1989583
2024-03-07 10:00:00,-72800,+73000,-72700,+73100,2132433
2024-03-07 09:00:00,+73000,+73100,-72600,+73300,3891496
2024-03-06 15:00:00,-72900,-72800,-72700,-72900,2102955
2024-03-06 14:00:00,-72800,-72800,-72700,-73000,2153403
2024-03-06 13:00:00,-72900,-72800,-72800,-73000,1189595
2024-03-06 12:00:00,-72800,-72800,-72700,-72900,1311492
2024-03-06 11:00:00,-72800,-72900,-72700,-73000,1641192
2024-03-06 10:00:00,-72800,-73000,-72700,-73000,2422145
2024-03-06 09:00:00,-73000,-73200,-72800,-73500,5266730
2024-03-05 15:00:00,-73700,-74000,-73700,-74000,2186453
2024-03-05 14:00:00,-73900,-74200,-73900,-74400,2298246
2024-03-05 13:00:00,-74200,-73900,-73900,-74300,2038724
2024-03-05 12:00:00,-73900,-74000,-73900,-74200,1599175
2024-03-05 11:00:00,-73900,-74200,-73900,-74200,1645528
2024-03-05 10:00:00,-74200,-74400,-74000,-74400,2261152
2024-03-05 09:00:00,-74300,-74600,-74100,-74800,6354799
2024-03-04 15:00:00,+74900,+74800,+74700,+74900,2124185
2024-03-04 14:00:00,+74800,+74800,+74700,+74900,2158354
2024-03-04 13:00:00,+74800,+74700,+74600,+74800,1688479
2024-03-04 12:00:00,+74600,+74500,+74300,+74700,1336337
2024-03-04 11:00:00,+74400,+74300,+74100,+74700,1726794
2024-03-04 10:00:00,+74300,+74700,+74100,+74700,3486016
2024-03-04 09:00:00,+74600,+74300,+74000,+75000,10153418
2024-02-29 15:00:00,+73400,-72900,-72800,+73400,7305359
2024-02-29 14:00:00,-72800,-73000,-72800,-73100,1460068
2024-02-29 13:00:00,-73000,-73100,-73000,+73300,1513307
2024-02-29 12:00:00,-73000,-72900,-72600,73200,1391744
2024-02-29 11:00:00,-72800,-72600,-72500,-73000,1965250
2024-02-29 10:00:00,-72600,-72400,-72300,-72600,1343357
2024-02-29 09:00:00,-72300,-72600,-72000,-72900,5469698
2024-02-28 15:00:00,+73200,+73300,+73200,+73400,1146617
2024-02-28 14:00:00,+73300,+73200,+73200,+73500,1186424
2024-02-28 13:00:00,+73200,+73600,+73200,+73700,1657349
2024-02-28 12:00:00,+73700,+73800,+73500,+73800,1186566
2024-02-28 11:00:00,+73800,+73800,+73600,+73800,814820
2024-02-28 10:00:00,+73800,+73600,+73400,+73900,2381869
2024-02-28 09:00:00,+73500,72900,-72800,+73700,3259764
2024-02-27 15:00:00,+72900,+72900,72800,+73000,1706654
2024-02-27 14:00:00,+73000,72800,-72700,+73000,1528654
2024-02-27 13:00:00,72800,+73000,72800,+73000,1159412
2024-02-27 12:00:00,+73000,+73100,-72700,+73100,2082878
2024-02-27 11:00:00,+73000,+73000,+72900,+73400,2504186
2024-02-27 10:00:00,+73100,+73000,+73000,+73200,1001320
2024-02-27 09:00:00,+73000,+73100,72800,+73200,3025749
2024-02-26 15:00:00,-72800,-72800,-72800,+73100,1487138
2024-02-26 14:00:00,-72800,+73100,-72700,+73100,1640398
2024-02-26 13:00:00,+73100,-72700,-72500,+73100,2446405
2024-02-26 12:00:00,-72700,-72700,-72600,72900,1174623
2024-02-26 11:00:00,-72800,72900,-72700,+73100,1566857
2024-02-26 10:00:00,72900,-72700,-72500,+73000,1570932
2024-02-26 09:00:00,-72700,-72300,-72200,+73200,4625263
2024-02-23 15:00:00,-72900,-73000,-72900,73100,1248028
2024-02-23 14:00:00,73100,+73200,-73000,+73200,2112577
2024-02-23 13:00:00,+73200,+73200,73100,+73200,649141
2024-02-23 12:00:00,+73200,+73200,73100,+73300,1099232
2024-02-23 11:00:00,+73200,+73200,73100,+73400,1069382
2024-02-23 10:00:00,+73300,+73300,73100,+73400,1680565
2024-02-23 09:00:00,+73300,+73600,73100,+74200,8140528
2024-02-22 15:00:00,+73100,73000,-72900,+73200,1912779
2024-02-22 14:00:00,+73100,-72700,-72700,+73100,2954769
2024-02-22 13:00:00,-72800,-72900,-72700,73000,2535025
2024-02-22 12:00:00,73000,73000,-72900,+73100,1150775
2024-02-22 11:00:00,+73100,73000,-72900,+73100,1313576
2024-02-22 10:00:00,73000,+73500,73000,+73600,1493921
2024-02-22 09:00:00,+73500,+73800,+73100,+73900,3690434
2024-02-21 15:00:00,-73000,-72900,-72900,-73200,1927021
2024-02-21 14:00:00,-73000,-73000,-72900,-73100,1279423
2024-02-21 13:00:00,-73100,-73000,-73000,-73200,799048
2024-02-21 12:00:00,-73000,-73200,-73000,-73200,491331
2024-02-21 11:00:00,-73100,+73400,-73000,+73500,941583
2024-02-21 10:00:00,+73400,-73100,-72900,+73500,1995544
2024-02-21 09:00:00,-73000,+73400,-73000,+73700,3877088
2024-02-20 15:00:00,-73300,-73100,-73100,-73300,2133596
2024-02-20 14:00:00,-73200,-73000,-72900,-73200,1957173
2024-02-20 13:00:00,-73000,-72900,-72900,-73200,2028676
2024-02-20 12:00:00,-73000,-72900,-72900,-73000,588955
2024-02-20 11:00:00,-73000,-72900,-72800,-73000,1334177
2024-02-20 10:00:00,-72900,-73200,-72800,-73400,2128440
2024-02-20 09:00:00,-73200,-73700,-73200,-73700,3416385
2024-02-19 15:00:00,+73800,+73800,+73700,+73900,1029410
2024-02-19 14:00:00,+73800,+73700,+73600,+73900,1698330
2024-02-19 13:00:00,+73700,+73600,+73600,+73900,1459014
2024-02-19 12:00:00,+73600,+73500,+73500,+73800,1061998
2024-02-19 11:00:00,+73500,+73600,+73400,+73700,1139675
2024-02-19 10:00:00,+73600,+73600,+73500,+73900,2238055
2024-02-19 09:00:00,+73600,72800,72800,+73700,3529803
2024-02-16 15:00:00,-72800,-72800,-72800,-72900,1497234
2024-02-16 14:00:00,-72900,-72700,-72700,73000,1759355
2024-02-16 13:00:00,-72800,-72800,-72700,-72900,1137043
2024-02-16 12:00:00,-72900,-72700,-72700,-72900,1013325
2024-02-16 11:00:00,-72800,-72800,-72700,73000,901231
2024-02-16 10:00:00,-72800,-72700,-72600,-72900,1873407
2024-02-16 09:00:00,-72800,+73300,-72500,+73400,5030453
2024-02-15 15:00:00,-73000,-73100,-73000,-73200,2152502
2024-02-15 14:00:00,-73100,-73100,-73100,-73300,1441693
2024-02-15 13:00:00,-73100,-73300,-73100,-73400,1839843
2024-02-15 12:00:00,-73300,-73200,-73200,-73600,1393789
2024-02-15 11:00:00,-73300,-73200,-73200,-73400,1198201
2024-02-15 10:00:00,-73300,-73800,-73200,-73900,3156109
2024-02-15 09:00:00,-73800,+74200,-73700,+74400,2883624
2024-02-14 15:00:00,-74000,-74000,-74000,-74200,1907409
2024-02-14 14:00:00,-74000,-74200,-74000,-74200,1040313
2024-02-14 13:00:00,-74100,-74000,-73900,-74200,832820
2024-02-14 12:00:00,-74000,-73900,-73900,-74100,843444
2024-02-14 11:00:00,-73900,-73900,-73800,-74200,1158978
2024-02-14 10:00:00,-73800,-74000,-73800,-74100,1674175
2024-02-14 09:00:00,-74000,-73700,-73700,-74300,4746630
2024-02-13 15:00:00,+75200,+74900,+74900,+75200,1772120
2024-02-13 14:00:00,+75000,+75000,+74900,+75100,2336175
2024-02-13 13:00:00,+74900,+74900,+74800,+75000,2008401
2024-02-13 12:00:00,+74900,+75000,+74800,+75000,1415508
2024-02-13 11:00:00,+75000,+75100,+74700,+75100,1731566
2024-02-13 10:00:00,+75000,+75000,+74900,+75200,2844575
2024-02-13 09:00:00,+75100,+74800,+74400,+75200,8399644
2024-02-08 15:00:00,-74100,-73800,-73700,-74100,3451814
2024-02-08 14:00:00,-73900,-73700,-73700,-74100,3048443
2024-02-08 13:00:00,-73800,-73900,-73600,-74100,2894990
2024-02-08 12:00:00,-74000,-74500,-73800,-74600,3885610
2024-02-08 11:00:00,-74500,-74700,-74500,-74900,1915047
2024-02-08 10:00:00,-74800,-74900,-74600,75000,2160198
2024-02-08 09:00:00,-74900,75000,-74800,+75200,2890559
2024-02-07 15:00:00,+75000,+74800,+74800,+75100,1225594
2024-02-07 14:00:00,+74800,+74500,+74500,+74900,1666661
2024-02-07 13:00:00,+74500,+74500,-74300,+74700,2073734
2024-02-07 12:00:00,+74500,+75000,+74500,+75100,1520705
2024-02-07 11:00:00,+75100,+75000,+74700,+75300,1937058
2024-02-07 10:00:00,+75000,+75200,+75000,+75500,3507444
2024-02-07 09:00:00,+75200,+74600,74400,+75400,4587852
2024-02-06 15:00:00,+74400,-74200,-74100,+74400,1560105
2024-02-06 14:00:00,-74200,+74500,-74100,+74700,2176224
2024-02-06 13:00:00,+74500,+74400,+74400,+74600,1049990
2024-02-06 12:00:00,+74400,-74000,-74000,+74600,1516745
2024-02-06 11:00:00,-74000,-73700,-73700,-74200,1282937
2024-02-06 10:00:00,-73700,-73300,-73300,-73900,1755726
2024-02-06 09:00:00,-73300,74300,-73300,+74700,4601900
2024-02-05 15:00:00,-74300,-74300,-74100,-74500,1734763
2024-02-05 14:00:00,-74200,-73900,-73800,-74400,2429415
2024-02-05 13:00:00,-73800,-74100,-73700,-74100,1567887
2024-02-05 12:00:00,-74000,-73900,-73900,-74200,1466539
2024-02-05 11:00:00,-73900,-73800,-73700,-74000,2145945
2024-02-05 10:00:00,-73900,-73700,-73500,-73900,2849072
2024-02-05 09:00:00,-73700,-74200,-73500,-74800,6693259
2024-02-02 15:00:00,+75200,+74900,+74800,+75200,2682148
2024-02-02 14:00:00,+75000,+74600,+74600,+75000,1852018
2024-02-02 13:00:00,+74700,+74700,+74400,+74700,989533
2024-02-02 12:00:00,+74700,+74600,+74400,+74800,1526950
2024-02-02 11:00:00,+74600,+74800,+74400,+74900,1621741
2024-02-02 10:00:00,+74800,+74800,+74600,+74900,1915136
2024-02-02 09:00:00,+74800,+74000,+73700,+74900,4262182
2024-02-01 15:00:00,+73600,+73100,+73100,+73700,2941668
2024-02-01 14:00:00,+73100,+73100,+73000,+73400,1744994
2024-02-01 13:00:00,+73100,+73500,+73000,+73500,2396471
2024-02-01 12:00:00,+73400,+73800,+73400,+73900,1725298
2024-02-01 11:00:00,+73800,+73700,+73600,+74000,1384312
2024-02-01 10:00:00,+73600,+74100,+73400,+74200,2155889
2024-02-01 09:00:00,+74000,+73000,+72900,+74200,7402108
2024-01-31 15:00:00,-72700,-72700,-72500,-72800,2709821
2024-01-31 14:00:00,-72600,-72900,-72600,-73000,2688853
2024-01-31 13:00:00,-72900,-73300,-72900,-73300,1458649
2024-01-31 12:00:00,-73200,-73300,-73000,-73400,1416994
2024-01-31 11:00:00,-73300,-73400,-73200,-73600,1519201
2024-01-31 10:00:00,-73400,-73700,-73300,-73800,1892496
2024-01-31 09:00:00,-73700,-73400,-73400,-74000,3206438
2024-01-30 15:00:00,-74300,-74200,-74200,74400,1272897
2024-01-30 14:00:00,-74200,-73900,-73800,+74500,1409101
2024-01-30 13:00:00,-73800,-73800,-73700,-74000,877997
2024-01-30 12:00:00,-73800,-73800,-73800,-74100,779026
2024-01-30 11:00:00,-73900,-74300,-73800,74400,1611591
2024-01-30 10:00:00,-74300,-74300,-74200,+74600,1580998
2024-01-30 09:00:00,-74300,+75000,-74200,+75300,4509963
2024-01-29 15:00:00,+74400,+75100,+74400,+75200,2357444
2024-01-29 14:00:00,+75000,+74900,+74700,+75100,2383185
2024-01-29 13:00:00,+74900,+74600,+74500,+74900,1560984
2024-01-29 12:00:00,+74500,+74500,+74300,+74700,1023646
2024-01-29 11:00:00,+74500,+74500,+74400,+74600,1199887
2024-01-29 10:00:00,+74500,+74100,+74000,+74800,2462674
2024-01-29 09:00:00,+74100,+73800,+73500,+74200,2874527
2024-01-26 15:00:00,-73400,-73700,-73400,-73800,1311275
2024-01-26 14:00:00,-73700,-73700,-73700,-73900,1154930
2024-01-26 13:00:00,-73700,74100,-73700,+74200,1267682
2024-01-26 12:00:00,+74200,-74000,-74000,+74300,654446
2024-01-26 11:00:00,-74000,+74200,-74000,+74500,1467734
2024-01-26 10:00:00,74100,-73800,-73800,+74300,1675566
2024-01-26 09:00:00,-73800,-73700,-73300,-74000,3443846
2024-01-25 15:00:00,+74100,-73900,-73700,+74100,1433094
2024-01-25 14:00:00,-73900,+74100,-73800,+74200,1578362
2024-01-25 13:00:00,+74100,+74100,-73900,+74200,874434
2024-01-25 12:00:00,+74100,74000,-73800,+74100,899098
2024-01-25 11:00:00,74000,+74100,-73700,+74300,1402439
2024-01-25 10:00:00,+74100,+74500,74000,+74800,1523042
2024-01-25 09:00:00,+74500,+74200,74000,+74600,2949000
2024-01-24 15:00:00,-74000,-73900,-73800,-74000,1495314
2024-01-24 14:00:00,-73900,-73700,-73600,-74100,1409720
2024-01-24 13:00:00,-73800,-73700,-73600,-73800,736322
2024-01-24 12:00:00,-73600,-73700,-73600,-73800,944216
2024-01-24 11:00:00,-73700,-73600,-73500,-73800,1375114
2024-01-24 10:00:00,-73600,-73800,-73600,-74000,1547776
2024-01-24 09:00:00,-73800,75200,-73500,75200,5182739
2024-01-23 15:00:00,+75200,+75200,75100,+75300,1653033
2024-01-23 14:00:00,+75200,-75000,-75000,+75400,1626439
2024-01-23 13:00:00,75100,75100,-75000,+75200,703135
2024-01-23 12:00:00,75100,-75000,-74800,+75200,1034096
2024-01-23 11:00:00,-75000,-74900,-74800,+75300,1399022
2024-01-23 10:00:00,-74900,-74800,-74500,75100,1665442
2024-01-23 09:00:00,-74800,+75700,-74300,+75800,6640679
2024-01-22 15:00:00,+75100,+75300,+75100,+75400,2091058
2024-01-22 14:00:00,+75400,+75300,+75200,+75600,1816575
2024-01-22 13:00:00,+75300,+75400,+75200,+75600,1493212
2024-01-22 12:00:00,+75400,+75600,+75300,+75600,1393436
2024-01-22 11:00:00,+75500,+75400,+75200,+75700,2059788
2024-01-22 10:00:00,+75300,+75700,+75100,+75900,3096545
2024-01-22 09:00:00,+75800,+75900,+75000,+76000,7668593
2024-01-19 15:00:00,+74700,+74400,+74300,+74700,3494670
2024-01-19 14:00:00,+74300,+74200,+73800,+74400,2416037
2024-01-19 13:00:00,+74200,+74200,+74100,+74500,2896235
2024-01-19 12:00:00,+74200,+74100,+74000,+74200,1638241
2024-01-19 11:00:00,+74100,+73900,+73800,+74200,2006908
2024-01-19 10:00:00,+74000,+73900,+73700,+74200,3180267
2024-01-19 09:00:00,+73900,+73500,+73000,+73900,7566074
2024-01-18 15:00:00,+71700,+71500,+71400,+72000,2999608
2024-01-18 14:00:00,+71400,+71200,+71100,+71500,1624558
2024-01-18 13:00:00,+71200,+71500,+71100,+71600,1691301
2024-01-18 12:00:00,+71500,+71300,+71300,+71600,1191012
2024-01-18 11:00:00,+71300,+71400,+71300,+71800,1817117
2024-01-18 10:00:00,+71500,+71100,71000,+71500,2162782
2024-01-18 09:00:00,+71100,+71600,-70700,+71700,6157119
2024-01-17 15:00:00,-71000,-71200,-71000,-71400,2367058
2024-01-17 14:00:00,-71200,-71500,-71000,-71500,3042860
2024-01-17 13:00:00,-71400,-71200,-71100,-71600,2307223
2024-01-17 12:00:00,-71200,-71200,-71100,-71500,2288998
2024-01-17 11:00:00,-71200,-71600,-71200,-71700,2622487
2024-01-17 10:00:00,-71500,-72300,-71500,-72400,4393751
2024-01-17 09:00:00,-72300,+73100,-72300,+73300,5019536
2024-01-16 15:00:00,-72600,-72500,-72500,-72700,2543295
2024-01-16 14:00:00,-72600,-72800,-72500,-72900,1887980
2024-01-16 13:00:00,-72800,-73100,-72600,-73100,1624100
2024-01-16 12:00:00,-73100,-73000,-72900,-73200,600338
2024-01-16 11:00:00,-72900,-73000,-72800,-73200,1120669
2024-01-16 10:00:00,-73000,-72500,-72500,-73100,2051290
2024-01-16 09:00:00,-72600,-73500,-72500,-73700,4563312
2024-01-15 15:00:00,+73900,+73600,+73400,+73900,2199186
2024-01-15 14:00:00,+73500,+73500,+73400,+73600,974779
2024-01-15 13:00:00,+73600,+73600,+73400,+73600,919739
2024-01-15 12:00:00,+73600,+73700,+73500,+73800,1328203
2024-01-15 11:00:00,+73700,+73500,+73500,+73900,1458062
2024-01-15 10:00:00,+73600,+73700,+73400,+74000,2137224
2024-01-15 09:00:00,+73700,+73200,+73200,+74000,3947855
2024-01-12 15:00:00,-73100,-72900,-72900,-73100,1262618
2024-01-12 14:00:00,-72900,-72900,-72900,-73100,1018355
2024-01-12 13:00:00,-73000,+73500,-72800,+73500,1927451
2024-01-12 12:00:00,+73400,+73500,+73300,+73500,507647
2024-01-12 11:00:00,+73500,+73600,+73400,+73800,1396227
2024-01-12 10:00:00,+73600,+73400,73200,+73700,1934695
2024-01-12 09:00:00,+73400,-73000,-73000,+74100,4920778
2024-01-11 15:00:00,-73200,-73300,-73200,-73400,5873514
2024-01-11 14:00:00,-73200,-73000,-73000,-73500,3454992
2024-01-11 13:00:00,-73000,-73000,-72800,-73100,1936168
2024-01-11 12:00:00,-73100,-73000,-72800,-73100,2329358
2024-01-11 11:00:00,-72900,-73300,-72900,-73400,2575680
2024-01-11 10:00:00,-73200,-73200,-73000,-73500,2455256
2024-01-11 09:00:00,-73300,-72900,-72700,73600,9102463
2024-01-10 15:00:00,-73600,-73800,-73600,-73900,1876938
2024-01-10 14:00:00,-73800,-73600,-73500,-73900,2039961
2024-01-10 13:00:00,-73700,-73600,-73500,-73800,1849120
2024-01-10 12:00:00,-73700,-73600,-73300,-73700,1892574
2024-01-10 11:00:00,-73700,-73700,-73200,-73800,3583268
2024-01-10 10:00:00,-73800,-74400,-73600,-74500,4221925
2024-01-10 09:00:00,-74500,+75000,-74300,+75200,4479903
2024-01-09 15:00:00,-74700,-74800,-74500,-75000,2455136
2024-01-09 14:00:00,-74900,-74900,-74300,-75100,3933191
2024-01-09 13:00:00,-75000,-75500,-74800,-75600,5139435
2024-01-09 12:00:00,-75600,-75600,-75500,-75800,1729818
2024-01-09 11:00:00,-75700,-75900,-75600,-76100,2016032
2024-01-09 10:00:00,-76000,+76800,-75800,+76900,3971130
2024-01-09 09:00:00,+76900,+77400,76500,+77700,6582738
2024-01-08 15:00:00,-76500,76600,-76500,+76700,1303903
2024-01-08 14:00:00,+76700,+76700,-76400,+76700,1277845
2024-01-08 13:00:00,76600,+76800,76600,+76800,1125546
2024-01-08 12:00:00,+76700,+76800,+76700,+76900,772642
2024-01-08 11:00:00,+76800,+77000,+76700,+77000,1407993
2024-01-08 10:00:00,+77000,+77400,+76900,+77500,1727684
2024-01-08 09:00:00,+77400,+77000,+76800,+77400,3401077
2024-01-05 15:00:00,76600,-76500,-76400,76600,1463696
2024-01-05 14:00:00,-76500,-76500,-76400,+76700,1532870
2024-01-05 13:00:00,-76500,+76800,-76500,+76800,1205776
2024-01-05 12:00:00,+76700,76600,-76500,+76800,1043161
2024-01-05 11:00:00,-76500,76600,-76500,+76700,738759
2024-01-05 10:00:00,76600,+76700,-76500,+76800,1011386
2024-01-05 09:00:00,76600,+76700,-76500,+77100,4201771
2024-01-04 15:00:00,-76600,-76600,-76500,-76800,1754681
2024-01-04 14:00:00,-76600,-76500,-76400,-76600,1159261
2024-01-04 13:00:00,-76600,-76600,-76400,-76700,1128408
2024-01-04 12:00:00,-76700,-76800,-76500,-76900,947038
2024-01-04 11:00:00,-76700,-76500,-76200,-76800,1845363
2024-01-04 10:00:00,-76600,+77200,-76400,+77200,2525858
2024-01-04 09:00:00,+77200,-76100,-76100,+77300,5687957
2024-01-03 15:00:00,-77000,-77400,-77000,-77400,2135320
2024-01-03 14:00:00,-77400,-77300,-77200,-77500,1693193
2024-01-03 13:00:00,-77400,-77700,-77300,-77700,1925348
2024-01-03 12:00:00,-77700,-77900,-77500,-78000,1620040
2024-01-03 11:00:00,-77900,-77900,-77800,-78200,2248052
2024-01-03 10:00:00,-77900,-77800,-77100,-78000,5713993
2024-01-03 09:00:00,-77800,-78500,-77800,-78800,6214940
2024-01-02 15:00:00,+79600,+79700,+79600,+79800,1945318
2024-01-02 14:00:00,+79700,+79500,+79400,+79800,4190518
2024-01-02 13:00:00,+79400,+79200,+79100,+79500,2026637
2024-01-02 12:00:00,+79300,+78700,+78700,+79300,2346939
2024-01-02 11:00:00,+78700,-78400,-78200,+78800,1500010
2024-01-02 10:00:00,-78400,-78200,-78200,+79400,4888235
2023-12-28 15:00:00,+78500,+78200,+78100,+78500,4009963
2023-12-28 14:00:00,+78200,-77800,-77800,+78200,2814533
2023-12-28 13:00:00,-77800,-77800,-77600,-77900,1966951
2023-12-28 12:00:00,-77800,78000,-77800,+78100,1487155
2023-12-28 11:00:00,-77900,-77900,-77800,+78200,3066360
2023-12-28 10:00:00,-77900,-77600,-77600,78000,1802835
2023-12-28 09:00:00,-77700,-77700,-77500,-77800,2576052
2023-12-27 15:00:00,+78000,+77800,+77800,+78000,1704897
2023-12-27 14:00:00,+77800,+77800,+77700,+77900,1510794
2023-12-27 13:00:00,+77900,+77600,+77500,+77900,3393540
2023-12-27 12:00:00,+77600,+77300,+77200,+77600,1642608
2023-12-27 11:00:00,+77300,+77500,+77300,+77600,1918471
2023-12-27 10:00:00,+77400,+77200,-76500,+77500,3885825
2023-12-27 09:00:00,+77200,+76700,76600,+77800,6523682
2023-12-26 15:00:00,+76600,+76600,+76500,+76700,2304990
2023-12-26 14:00:00,+76500,+76500,+76500,+76600,1277259
2023-12-26 13:00:00,+76600,+76500,+76300,+76600,2482469
2023-12-26 12:00:00,+76400,+76400,+76400,+76500,578043
2023-12-26 11:00:00,+76500,+76300,+76300,+76500,1193858
2023-12-26 10:00:00,+76400,+76400,+76300,+76500,1060144
2023-12-26 09:00:00,+76400,+76100,-75700,+76500,4203376
2023-12-22 15:00:00,+75900,+76000,+75800,+76000,1631818
2023-12-22 14:00:00,+75900,+75800,+75800,+76000,2058958
2023-12-22 13:00:00,+75900,+75900,+75800,+75900,1154845
2023-12-22 12:00:00,+75900,+75700,+75700,+75900,1179627
2023-12-22 11:00:00,+75700,+75500,+75500,+75800,1221278
2023-12-22 10:00:00,+75600,+75600,+75500,+75800,1406017
2023-12-22 09:00:00,+75500,+75800,+75400,+76300,5824465
2023-12-21 15:00:00,+75000,+74900,74800,+75000,2527499
2023-12-21 14:00:00,+74900,-74600,-74500,+74900,1604806
2023-12-21 13:00:00,-74600,74800,-74500,74800,1252160
2023-12-21 12:00:00,74800,-74600,-74600,74800,980933
2023-12-21 11:00:00,-74600,-74500,-74500,-74700,1020159
2023-12-21 10:00:00,-74600,-74700,-74500,+74900,2001963
2023-12-21 09:00:00,-74700,-74600,-74300,+75000,3971942
2023-12-20 15:00:00,+74800,+74600,+74600,+74900,2606267
2023-12-20 14:00:00,+74700,+74300,+74200,+74700,4915025
2023-12-20 13:00:00,+74300,+74200,+74100,+74300,1029661
2023-12-20 12:00:00,+74200,+74000,+74000,+74300,1588272
2023-12-20 11:00:00,+74100,+73900,+73900,+74300,3044299
2023-12-20 10:00:00,+73900,+74000,+73900,+74000,878795
2023-12-20 09:00:00,+74000,+74200,+73800,+74200,2768602
2023-12-19 15:00:00,+73400,+73100,+73100,+73400,1857994
2023-12-19 14:00:00,+73100,+73000,72900,+73200,1213500
2023-12-19 13:00:00,+73000,+73000,72900,+73100,790785
2023-12-19 12:00:00,+73000,+73100,72900,+73200,995760
2023-12-19 11:00:00,+73100,72900,-72800,+73100,990889
2023-12-19 10:00:00,72900,-72800,-72800,+73000,761887
2023-12-19 09:00:00,-72800,+73000,-72800,+73200,2272782
2023-12-18 15:00:00,-72900,-73000,-72900,-73100,1632208
2023-12-18 14:00:00,-73100,-73100,-73000,-73200,1044198
2023-12-18 13:00:00,-73200,-73100,-73000,73300,1088663
2023-12-18 12:00:00,-73100,-73200,-73000,73300,1220847
2023-12-18 11:00:00,73300,-72900,-72900,73300,974435
2023-12-18 10:00:00,-72900,-73000,-72800,-73100,1195296
2023-12-18 09:00:00,-73000,73300,-73000,+73400,2342277
2023-12-15 15:00:00,+73300,+73300,+73300,+73400,3687769
2023-12-15 14:00:00,+73300,+73500,+73200,+73600,1904026
2023-12-15 13:00:00,+73500,+73700,+73500,+73700,1564465
2023-12-15 12:00:00,+73700,+73600,+73500,+73800,1689263
2023-12-15 11:00:00,+73600,+73700,+73600,+73800,974647
2023-12-15 10:00:00,+73600,+74000,+73600,+74000,1866116
2023-12-15 09:00:00,+73900,+73800,+73500,+74000,3200274
2023-12-14 15:00:00,+73100,-72600,-72500,+73100,7941462
2023-12-14 14:00:00,-72700,+73200,-72600,+73300,3695076
2023-12-14 13:00:00,+73300,+73400,+73200,+73500,2048879
2023-12-14 12:00:00,+73400,+73500,+73100,+73600,1781815
2023-12-14 11:00:00,+73600,+73800,+73400,+73900,2087351
