,open,high,low,close,volume
20240822,195100,197000,188700,189700,144241
20240821,193200,196300,191000,195100,140304
20240820,202000,202000,191200,194700,280000
20240819,204000,210500,200000,200500,149476
20240816,205000,209500,200500,206000,201276
20240814,205500,205500,198600,204500,229383
20240813,204000,213500,200500,204000,290176
20240812,203500,205500,199400,203000,135599
20240809,208000,209000,201000,201500,165852
20240808,198800,205500,195200,204000,209513
20240807,191000,207500,190000,202500,271438
20240806,185300,198700,183000,191000,389214
20240805,191000,194800,169600,179600,503027
20240802,199900,210500,196000,197100,308107
20240801,200000,208000,200000,204500,181805
20240731,208500,214500,196500,200000,449190
20240730,220000,222500,209500,212000,234027
20240729,213000,226000,206000,217500,367019
20240726,215000,224000,199800,210500,699573
20240725,230000,234500,217000,217500,414329
20240724,229500,238000,224500,234000,414521
20240723,226000,237500,224000,228500,506029
20240722,232500,236000,220500,226000,314014
20240719,230500,235500,223000,232000,405021
20240718,235000,243000,227000,231000,396822
20240717,241000,249000,235500,238000,442001
20240716,235500,245000,232500,239500,746476
20240715,216000,241000,211000,233500,1534221
20240712,204000,207000,200500,206000,134493
20240711,209500,211000,202000,203500,203946
20240710,213000,217000,207000,207500,290789
20240709,205000,213000,201000,211000,253998
20240708,197000,209000,196900,205500,298064
20240705,198100,199300,195700,196900,159283
20240704,196400,201500,195500,198100,199718
20240703,198000,200000,195000,197600,309264
20240702,220500,220500,193500,195700,1043295
20240701,218000,228000,216000,221000,299137
20240628,202000,221500,197800,220000,423839
20240627,199000,201500,196600,200500,140627
20240626,204500,205000,199000,200000,168064
20240625,214500,219500,203000,204500,190246
20240624,207500,214500,206500,210500,202458
20240621,213500,217000,203500,206500,230734
20240620,209500,216500,201000,213000,363512
20240619,203000,216500,195600,211000,809581
20240618,204500,206500,199200,200500,500612
20240617,179900,206500,177700,206500,1396562
20240614,173000,178000,171300,176000,212939
20240613,172300,175200,170500,173000,178877
20240612,170000,175200,169100,172300,128161
20240611,177400,179100,169500,169500,233713
20240610,167500,177000,166200,175900,352260
20240607,168000,172800,167000,167600,236086
20240605,164000,168000,163600,166100,164298
20240604,161400,166200,160700,165300,176160
20240603,160800,167700,160700,162300,270967
20240531,163000,164100,156900,160200,150822
20240530,164600,169200,160800,160800,297359
20240529,171000,172000,159800,160500,384946
20240528,164100,171000,163000,170600,382786
20240527,155600,164000,154500,161600,224686
20240524,151300,155700,150700,154700,88527
20240523,152400,155100,149900,154200,109330
20240522,156400,157800,152200,152400,131742
20240521,156000,158200,154700,156300,95069
20240520,155400,157700,153600,156500,150006
20240517,162100,162300,152200,154200,347245
20240516,164900,167400,161800,162000,141765
20240514,167300,168500,162800,163400,166805
20240513,167000,170400,166400,168100,139668
20240510,166900,169800,165200,166800,145415
20240509,166100,167700,164900,164900,129441
20240508,169400,169500,164200,166700,181059
20240507,170600,172000,168000,169200,175077
20240503,177700,178700,170500,171100,329798
20240502,161600,180600,161000,178900,679192
20240430,169700,171000,159400,160800,299640
20240429,172100,172900,167300,171000,219124
20240426,164100,172100,161500,169500,313138
20240425,166100,169400,162700,164000,155226
20240424,164800,168700,162100,166100,221346
20240423,159100,166400,159100,164600,233392
20240422,164100,164100,154200,158600,211222
20240419,159000,166900,155900,162300,410313
20240418,158400,158700,155000,158100,197314
20240417,158700,161500,155100,158200,222476
20240416,164000,166700,158500,158800,211035
20240415,167900,172500,163100,164200,232207
20240412,167100,168400,163400,163900,158426
20240411,163100,167700,161200,166200,161802
20240409,164600,168800,164500,167300,172606
20240408,165700,168800,163600,165300,188288
20240405,174400,176000,165300,166300,302194
20240404,172500,176700,170500,174300,237937
20240403,183500,183700,170800,174200,355574
20240402,179200,182100,173300,181700,404238
20240401,180500,181300,177000,179100,223379
20240329,177300,184800,177300,178400,402561
20240328,180300,181800,175000,176900,414126
20240327,180700,182900,173800,182000,452530
20240326,170600,177900,170600,177300,446366
20240325,170800,175000,169000,169500,402364
20240322,167000,175000,165900,167300,710837
20240321,161700,167400,159500,164700,307491
20240320,165100,166100,160900,161500,238634
20240319,165600,168500,163300,164400,323480
20240318,164700,167500,162500,163300,293251
20240315,167400,169400,160800,162000,303589
20240314,172400,176600,164500,165400,608756
20240313,175000,183000,170800,172200,616839
20240312,178700,182000,168000,172500,527832
20240311,184400,191300,175900,177700,643926
20240308,178700,186500,176300,183300,504913
20240307,170000,179500,167500,177600,838886
20240306,154100,169500,154100,168500,1236603
20240305,146000,157800,145800,152300,866910
20240304,144700,148200,139900,144700,301058
20240229,140400,147900,137800,143200,615031
20240228,137300,142400,137300,140100,420752
20240227,134700,140900,134700,137100,558197
20240226,132800,136300,131300,135000,292732
20240223,139600,139700,131200,133400,408870
20240222,135600,148600,134900,138000,1152264
20240221,130500,139300,128500,137600,674347
20240220,130500,134700,127200,128000,561579
20240219,129300,132700,128800,130800,433205
20240216,127200,129400,125800,127700,241548
20240215,129300,130500,125800,127200,422704
20240214,117200,132700,115400,127000,1071555
20240213,114700,118600,114100,118200,442233
20240208,114200,118800,113300,113600,489058
20240207,119000,120700,112800,113400,1024257
20240206,108700,114200,107600,113000,330331
20240205,107300,111000,105700,108900,193152
20240202,105200,109400,104700,106900,208781
20240201,104500,107900,104300,105400,183940
20240131,104900,108300,104200,105100,247494
20240130,108400,109100,104000,105600,312101
20240129,113200,114300,107600,108500,325019
20240126,116000,117000,112500,113000,262768
20240125,117000,121300,115700,116300,234155
20240124,123400,125800,118900,119000,223838
20240123,123800,123900,120300,122600,177700
20240122,122400,124900,119200,123900,183486
20240119,121500,122400,119500,121400,180426
20240118,121200,124400,120000,121300,232632
20240117,120100,121300,116700,120500,235620
20240116,121400,122700,119900,120600,154156
20240115,128000,128900,120500,122600,269188
20240112,124100,129500,124100,126100,423838
20240111,123400,126400,121800,124500,332269
20240110,119900,124400,118800,123800,327498
20240109,120600,121500,115000,119800,266216
20240108,123300,124500,120400,120500,277309
20240105,126800,129600,120500,123200,508621
20240104,130600,135500,126000,126100,564684
20240103,128400,131400,126500,130500,347854
20240102,131700,132000,127900,128300,267529
20231228,129500,131600,128800,130500,253060
20231227,131500,133900,127200,130300,487126
20231226,135300,135700,129300,130600,455290
20231222,138200,146700,135500,135700,1148691
20231221,136400,140700,134300,138500,510154
20231220,138100,140900,134300,137500,631833
20231219,140000,144400,135700,138000,1111680
20231218,133000,141500,130900,138100,1740230
20231215,126600,135600,126600,130100,1144691
20231214,129700,131100,121100,127000,1113561
20231213,131800,137300,126000,127500,1432293
20231212,126000,138000,124600,133600,4027572
20231211,118000,128100,110400,128100,5475435
20231208,98500,99400,97300,98600,146428
20231207,97600,100700,96700,98300,174331
20231206,98600,100600,96000,97300,158349
20231205,99900,102300,97600,98000,149091
20231204,99900,101800,97600,100100,176633
20231201,98000,102300,97500,100100,291735
20231130,96000,98500,95300,97500,169984
20231129,94800,97300,93600,95400,172109
20231128,92400,95100,91500,95000,143883
20231127,91500,92300,90000,91900,99795
20231124,93000,93700,91000,91500,161441
20231123,94400,95600,92500,93500,97061
20231122,92400,96200,92300,93800,158333
20231121,93500,93900,91700,92200,85516
20231120,93500,93700,92100,93000,56826
20231117,93300,95100,93000,93600,82026
20231116,96100,96100,92500,93500,193991
20231115,97800,98300,94600,96200,187874
20231114,97200,99000,96400,97700,124909
20231113,98200,99500,96700,97000,191772
20231110,92900,99000,92800,98800,380489
20231109,91100,94500,90700,93400,272888
20231108,91200,91700,89700,90500,137365
20231107,90300,91200,89600,90800,158020
20231106,91500,91600,89000,90700,220685
20231103,88600,91300,88600,90700,169852
20231102,88900,90700,87900,88500,179588
20231101,87300,90300,87300,88400,149026
20231031,91200,91600,86600,87100,172523
20231030,87100,90800,86500,90300,221848
20231027,86500,86500,83400,85800,269885
20231026,88000,90800,87400,88000,194490
20231025,88600,91900,87700,89400,319232
20231024,92900,93200,85800,87800,423047
20231023,87700,92700,85600,91500,458340
20231020,85300,88600,85300,88000,306975
20231019,85100,85700,82000,85200,175501
20231018,84600,88300,83800,85600,309263
20231017,86200,87100,83100,83400,254071
20231016,90300,92100,86000,86200,332169
20231013,87200,90000,86500,89500,194421
20231012,91100,91900,87700,88000,311340
20231011,90000,91700,87200,91100,362327
20231010,93900,96600,89000,91700,983331
20231006,84900,87000,84700,86200,81596
20231005,85500,86800,84800,84900,71870
20231004,87400,87600,85100,85300,104755
20230927,83200,88200,82500,87900,167189
20230926,84000,85800,83700,83800,85931
20230925,84600,87200,83800,84300,112821
20230922,84700,85500,83500,84600,110408
20230921,85500,87600,85200,85600,142712
20230920,85300,87500,84700,86000,128684
20230919,84600,86400,83200,85300,87803
20230918,84400,85900,83500,84600,63080
20230915,84900,86700,84200,84400,97838
20230914,84100,85000,83500,84100,57778
20230913,82900,85200,82500,84100,84020
20230912,85500,86300,83700,84100,126571
20230911,84800,87000,84700,85100,133133
20230908,83900,88400,83900,84800,177638
20230907,86400,86600,82600,83100,153615
20230906,83000,88600,82900,86200,289423
20230905,83100,84100,82500,82900,63852
20230904,83600,85300,83100,83500,78430
20230901,85200,85800,83900,83900,87979
20230831,83000,85500,83000,84800,167642
20230830,83400,83600,82100,83000,109215
20230829,80000,83800,79200,83200,213173
20230828,79400,80000,78000,79500,103788
20230825,78000,79200,77500,78700,66058
20230824,78900,79400,77800,78700,64262
20230823,76700,79300,76600,78400,109755
20230822,76900,78200,74400,77600,109743
20230821,74600,78300,74500,77400,124962
20230818,74200,75200,73700,75100,68159
20230817,74000,75400,72500,75100,84943
20230816,76400,77000,74000,74200,127894
20230814,78800,78800,76100,76500,64017
20230811,74900,78200,74800,78100,127269
20230810,77200,77400,74600,74800,123405
20230809,77500,77600,76400,77200,51578
20230808,77200,78000,76100,77500,91539
20230807,76000,77800,75700,77300,92798
20230804,75200,77500,75200,76000,108588
20230803,76100,77500,75100,75300,99056
20230802,76800,78700,76100,76500,127105
20230801,76100,77800,75600,77000,129342
20230731,73200,77000,73100,76700,194980
20230728,75300,75800,72200,72600,295655
20230727,77400,79800,75300,75300,194977
20230726,79800,80400,75600,76600,169068
20230725,77300,80100,77300,79500,95521
20230724,80200,80200,78200,78500,178249
20230721,80700,80700,79400,80000,62914
20230720,79600,81500,79300,80700,105292
20230719,80400,81200,79100,80000,114367
20230718,80600,81000,79500,80000,159644
20230717,85700,85900,80100,80600,393148
20230714,87900,87900,85500,86600,121888
20230713,89400,89400,86900,87100,167323
20230712,89300,89900,87600,88500,173015
20230711,86700,89500,85100,89500,268131
20230710,85400,87200,84100,85700,123464
20230707,86000,86500,84600,85400,95729
20230706,86700,87500,85400,86000,178779
20230705,83600,87000,83100,86700,369445
20230704,81300,83800,80500,83500,153387
20230703,81200,81900,80000,81200,69864
20230630,80800,82000,80400,81100,76927
20230629,79600,82400,79100,80600,112302
20230628,80700,80800,79300,79600,68522
20230627,81500,82500,79900,80200,84390
20230626,80800,81900,80100,81500,114767
20230623,82000,82900,80000,80600,107168
20230622,82000,83000,81300,82300,94100
20230621,84900,84900,81900,82200,171453
20230620,87400,87500,84300,84600,229619
20230619,84000,87500,83400,86800,441695
20230616,81700,83600,81700,83500,164049
20230615,81400,82000,80300,81300,95188
20230614,81600,82200,80500,81400,89565
20230613,82600,82700,79900,81400,148098
20230612,82700,84500,82200,82500,154094
20230609,80800,82400,80000,82000,151193
20230608,80400,80700,79700,80300,72510
20230607,80400,80800,79900,80400,66383
20230605,80800,80900,79600,79900,73798
20230602,78500,80700,78200,80200,121534
20230601,79200,79800,77800,78400,85985
20230531,78100,79200,77600,79200,154610
20230530,77800,78400,75900,77100,158224
20230526,79200,79200,77100,77600,108618
20230525,79700,79800,77800,79000,134337
20230524,80000,80900,79000,80300,94882
20230523,81100,81100,79200,79900,81336
20230522,79200,81000,79200,80700,111603
20230519,79000,79100,77600,78800,110497
20230518,77900,79200,77800,78900,116678
20230517,77400,78500,76800,77500,119564
20230516,78000,78500,77300,78000,63244
20230515,77500,78700,77200,78000,65484
20230512,79400,79800,77500,78300,94418
20230511,77500,80200,77500,79400,193653
20230510,78500,79300,77100,77500,140323
20230509,80500,80900,77600,78000,250753
20230508,81900,83400,80300,80500,171550
20230504,82300,83300,80900,81600,167571
20230503,80100,83200,80000,81700,238490
20230502,78000,81200,77600,80700,259630
20230428,86500,86500,77400,78300,834568
20230427,83900,89000,81600,87100,630628
20230426,87300,87500,81400,83900,570882
20230425,85800,88600,84700,87000,767752
20230424,81200,85900,80800,84100,795681
20230421,81300,81300,77400,80500,377361
20230420,78400,82500,78300,80200,669547
20230419,78000,79400,77200,78200,246742
20230418,77200,78900,76500,77700,411654
20230417,73900,77000,73800,76900,432912
20230414,73600,74200,72800,73800,156040
20230413,72800,73700,72100,73400,123068
20230412,72500,73300,71800,73000,126149
20230411,73100,74100,71600,72500,141966
20230410,72100,72900,71200,72600,109697
20230407,73300,73400,71700,72100,152258
20230406,75000,75000,73000,73100,156632
20230405,74500,76100,73900,74900,260013
20230404,73600,74400,72400,73800,201872
20230403,72600,73700,72200,73000,168639
20230331,71500,73500,71200,72400,230062
20230330,70700,71700,69800,71000,132838
20230329,71300,71800,70000,70500,106521
20230328,68500,71400,68500,71300,278859
20230327,68500,69500,67700,68500,153766
20230324,67700,68400,67100,68100,96907
20230323,67800,68400,67400,67700,126466
20230322,70300,70600,67200,67800,330561
20230321,70900,71300,69600,69900,100242
20230320,68700,70800,68300,69900,132111
20230317,69000,70500,68600,69200,182633
20230316,69400,70100,68000,68400,144928
20230315,69200,71300,68600,70300,177083
20230314,70700,71200,68000,68100,193111
20230313,69300,71400,68400,71300,155804
20230310,71900,72200,70000,70200,227596
20230309,73200,73700,72300,72700,173295
20230308,74600,74600,72500,73000,265305
20230307,75600,77400,74400,74400,359196
20230306,75000,75900,74600,75500,166750
20230303,74900,75500,74400,74900,130992
20230302,75300,76700,74700,74800,164571
20230228,75000,75500,74500,74700,121085
20230227,77400,77400,73500,74900,237221
20230224,74800,77800,74600,77300,333804
20230223,75000,75500,73900,74900,114432
20230222,74000,75100,73800,74400,179830
20230221,74700,75900,74600,74700,200137
20230220,75500,76200,74200,74700,169679
20230217,73800,75700,73300,75400,197191
20230216,75100,75600,73700,74500,262101
20230215,78000,78800,74100,74500,519039
20230214,79000,79100,77900,78200,236277
20230213,80000,80600,78200,78600,227950
20230210,79900,80700,77500,79300,331402
20230209,80300,81200,79200,79200,263796
20230208,80300,81700,80000,80300,179109
20230207,81300,81800,79700,79900,195431
20230206,80800,82800,80000,81300,188190
20230203,81000,81800,80200,81100,137657
20230202,81500,81700,80000,80900,167585
20230201,80800,81200,79700,81000,206394
20230131,79500,80900,78500,80800,165301
20230130,81100,82900,79100,79300,339964
20230127,80900,81600,80000,80700,184000
20230126,78800,80500,78700,80300,247109
20230125,79000,79100,77700,78500,148672
20230120,77500,78900,77000,78100,142879
20230119,77200,78300,76500,77600,202003
20230118,79500,80000,77300,77800,273493
20230117,80900,82800,79100,79400,422311
20230116,83000,83000,78500,79900,611868
20230113,81600,83900,81300,82500,372742
20230112,82400,83200,80800,81100,289484
20230111,80000,81800,79800,81300,283317
20230110,80800,81000,78500,79300,271427
20230109,77900,80900,77700,80700,305504
20230106,76800,78900,76100,77500,274108
20230105,78000,79100,75400,77800,438305
20230104,81300,81300,75500,78000,607729
20230103,88600,88600,81200,81300,727049
20230102,93500,93800,87900,88900,238505
20221229,91600,93000,91200,92200,165629
20221228,93200,94200,91200,91600,217743
20221227,90500,93900,89600,93300,363926
20221226,88400,90400,87300,90200,155704
20221223,90300,91000,88200,88200,202283
20221222,91100,91400,89200,91100,135819
20221221,90800,91900,89900,90400,113129
20221220,89200,92000,88900,90000,208110
20221219,87800,90000,87100,89200,90971
20221216,89500,91400,87600,87800,151305
20221215,89800,92200,89300,90500,142422
20221214,89300,90400,88200,89900,98048
20221213,86900,90000,86700,88700,166183
20221212,84300,86800,83300,86300,218504
20221209,87000,88200,83100,84000,379439
20221208,90300,90300,84900,87300,279720
20221207,90000,91200,89000,89800,115373
20221206,90400,90800,88500,90300,125685
20221205,92000,92600,90400,90400,164131
20221202,91500,92200,90400,91800,134932
20221201,92700,93200,91200,91500,174757
20221130,92600,93400,91200,92500,149017
20221129,90700,93600,90700,92000,204948
20221128,92300,93600,90900,90900,173696
20221125,93000,93100,90500,91700,187527
20221124,94200,94200,92300,92700,175958
20221123,95300,95500,92900,93700,208807
20221122,91600,95000,91600,94900,325567
20221121,92900,93600,90600,91200,206815
20221118,89500,94200,87900,92200,499249
20221117,91000,91500,89100,89200,247873
20221116,92700,93000,89800,91300,405476
20221115,92200,92300,90000,90700,319210
20221114,97900,97900,91400,92000,468394
20221111,99700,100500,96500,97700,278600
20221110,98300,100000,97200,97700,199452
20221109,100500,101500,97200,98700,277613
20221108,100500,101000,97800,99800,251864
20221107,107000,107000,99100,100000,292830
20221104,103500,107500,102500,104500,231945
20221103,101500,106500,100000,103500,284934
20221102,107500,110000,101000,103000,480505
20221101,102500,107500,102000,106500,308008
20221031,100500,103000,99700,101500,274030
20221028,95400,102000,94600,100500,489737
20221027,92400,95300,92400,94900,178632
20221026,91000,93000,90400,91200,117247
20221025,93100,93100,90200,90900,134356
20221024,89000,91900,89000,90900,197568
20221021,88000,88800,86300,87500,124683
20221020,89200,90500,87800,87800,242700
20221019,86900,90300,85600,88300,295414
20221018,84800,87700,84800,85900,354379
20221017,87000,88100,82300,83900,598195
20221014,86200,91400,85800,89700,421000
20221013,95000,95100,84300,84400,648703
20221012,89600,95700,84400,94300,559219
20221011,89700,93100,89200,90000,267980
20221007,93100,93500,88000,90100,472157
20221006,92500,94300,91100,93600,162838
20221005,97000,97100,89100,91400,397369
20221004,93000,97200,92200,95000,242039
20220930,89400,93100,88700,90300,172584
20220929,91700,93300,89400,91100,205564
20220928,89600,91800,89000,90300,228143
20220927,90100,90900,87000,90100,184521
20220926,94300,95200,88600,89900,364928
20220923,97400,98800,94000,94300,205883
20220922,96400,98200,94000,97400,287739
20220921,92800,96300,92500,95200,205631
20220920,91800,94600,91800,93600,196118
20220919,94400,95500,90700,91400,255980
20220916,95000,95700,92500,93500,208332
20220915,96300,99700,94200,95300,349059
20220914,93700,97000,92500,96600,325368
20220913,102500,104000,93500,95800,717777
20220908,104000,105000,100500,103500,293106
20220907,109000,114000,103000,104000,418098
20220906,108500,110000,106500,109000,196797
20220905,105500,109500,103500,107500,279441
20220902,104000,107500,100500,105500,228772
20220901,104000,108000,102500,103000,236271
20220831,103500,107000,100500,106000,263481
20220830,107000,107000,102000,103500,267014
20220829,103000,108000,103000,105000,273388
20220826,104000,107000,101500,105500,258443
20220825,101000,105000,97700,102500,522535
20220824,96700,101500,95400,99300,688081
20220823,90400,95700,90200,94200,323579
20220822,90300,91900,89600,91200,130109
20220819,91600,93000,90400,90900,180125
20220818,88500,93800,87200,90700,604807
20220817,88200,88900,86900,88300,190439
20220816,88800,90600,88000,88200,251035
20220812,90500,91100,88100,88200,262923
20220811,93000,93200,87900,90100,539340
20220810,93400,94500,92100,92800,193005
20220809,95400,96400,92500,93400,366466
20220808,89500,95000,89300,94100,653922
20220805,87000,89800,85500,88700,213224
20220804,87200,87400,85400,86900,154991
20220803,86800,88100,85600,86900,160718
20220802,86300,87700,84600,86700,303284
20220801,86900,88600,86000,86700,247504
20220729,83000,88500,82500,88000,522773
20220728,82200,83800,81500,82800,198927
20220727,81700,82500,80000,81500,170311
20220726,81400,83200,79900,81500,299331
20220725,78300,81600,77900,80800,307722
20220722,74400,79000,74300,77700,308238
20220721,74200,75500,73500,74400,90130
20220720,75000,75300,73600,74400,134983
20220719,74800,75300,72600,74500,194160
20220718,71100,74000,70800,73300,166126
20220715,70400,72100,69700,70300,176320
20220714,65800,71400,65800,70200,233714
20220713,66300,67400,65200,66300,170388
20220712,70100,70200,66900,67100,137399
20220711,70000,71900,68400,70400,129468
20220708,70200,71000,69300,69400,75099
20220707,69500,70200,67900,69600,103277
20220706,70000,72000,69100,69100,146934
20220705,71300,71900,68300,71200,206592
20220704,76400,76900,67900,71000,431929
20220701,73000,78100,73000,75800,392506
20220630,74200,75100,71600,71800,120474
20220629,72500,75200,71700,73800,147470
20220628,71300,73400,70900,72900,131665
20220627,69500,71700,68700,70900,122913
20220624,66400,69200,66400,68600,130531
20220623,68900,70400,66500,66800,237186
20220622,75400,75700,69500,69900,213769
20220621,76000,76800,72500,74800,221786
20220620,77500,79100,75000,76400,196002
20220617,76100,77200,75600,76100,136425
20220616,77000,79600,76000,77000,177579
20220615,79100,79800,76000,76900,239058
20220614,81000,81100,77600,79400,289834
20220613,83800,84200,81500,81700,278688
20220610,84400,86500,83900,84300,209130
20220609,81800,85000,81300,84600,341051
20220608,83000,83700,80400,81800,201718
20220607,81000,83400,80800,82200,332282
20220603,80600,81100,78600,79900,187543
20220602,79400,82000,78600,80600,167462
20220531,79400,80200,78300,79200,166715
20220530,79000,81300,78800,79300,176775
20220527,78700,79600,77300,78500,189709
20220526,79200,79700,77700,78700,189084
20220525,76200,80100,75600,79000,453781
20220524,76800,78300,74800,74900,240231
20220523,75900,78000,75100,76200,471592
20220520,73800,74400,72900,73200,185684
20220519,72600,74900,72500,73200,248478
20220518,75800,75800,73900,74100,214404
20220517,75700,76500,74400,75200,204742
20220516,78600,78700,73700,75200,446002
20220513,77000,77900,75500,77700,209731
20220512,77500,78900,76000,76800,362280
20220511,83000,83400,78000,78000,483347
20220510,82800,84200,81300,82800,330753
20220509,85700,87900,82800,83900,465107
20220506,84600,87800,84400,85300,352925
20220504,86700,87600,85100,85700,365590
20220503,85800,87300,84500,86800,414817
20220502,82400,87100,82400,85500,575304
20220429,82400,83100,81200,82100,269901
20220428,83000,84300,80800,82300,592157
20220427,77800,84300,76600,82400,1558080
20220426,78200,81500,77300,78200,535612
20220425,77900,81300,77100,77400,398535
20220422,75000,79600,74800,78600,346712
20220421,75600,76900,74100,76400,180644
20220420,76900,76900,75100,75100,183626
20220419,77100,77500,75700,77400,182476
20220418,73600,77300,73300,76700,484092
20220415,72600,75000,71400,73300,226937
20220414,72300,72800,71500,72800,133374
20220413,70600,72700,70000,72000,195468
20220412,69600,70900,68900,69900,140491
20220411,70600,70800,69500,69600,82593
20220408,70600,72000,69100,70300,167590
20220407,71500,71500,69100,69300,200073
20220406,70800,72000,70200,71500,155048
20220405,72400,72700,70900,71000,119841
20220404,72200,73000,71800,72400,84928
20220401,71900,72800,71100,71800,157721
20220331,73400,74300,71500,71900,232697
20220330,71300,73000,71000,72700,320958
20220329,78000,78100,71900,72200,711414
20220328,76400,79000,75500,78800,428235
20220325,78300,79400,75900,76600,351898
20220324,74800,77300,74800,76700,247624
20220323,77900,77900,74300,75300,454109
20220322,75000,79900,74100,77000,749593
20220321,75100,77200,74100,74300,319031
20220318,71600,74200,71200,73700,280903
20220317,72400,72900,69700,71600,621706
20220316,73600,74700,71500,74100,239512
20220315,76300,76800,72800,73100,386970
20220314,76500,78000,75000,76100,590857
20220311,73700,75700,73200,75200,407380
20220310,70900,73500,66800,72900,601996
20220308,74600,76400,71600,71700,592732
20220307,76000,78900,73700,73900,856990
20220304,71300,75900,71200,74600,668022
20220303,71800,73300,68600,72500,669708
20220302,71300,75500,70500,72900,1102579
20220228,65400,69700,65100,68100,896076
20220225,61600,64700,60900,64000,444088
20220224,61400,62600,59400,60700,406515
20220223,61900,61900,60400,60900,178562
20220222,64600,65000,60900,61200,386559
20220221,60200,64500,60000,64000,493086
20220218,60700,61200,59200,59700,156175
20220217,59800,62000,59800,61200,232405
20220216,58900,60600,58700,59900,148479
20220215,59300,60100,57800,58200,181726
20220214,60600,62900,58000,59500,497595
20220211,62400,63400,60000,60200,240923
20220210,62400,64100,61700,62400,265193
20220209,64600,64800,62200,62400,196968
20220208,64200,65600,63100,64300,320778
20220207,60600,66000,59400,63800,768198
20220204,56700,59400,56100,59300,312389
20220203,60000,60400,56100,56300,350368
20220128,57300,58700,56100,58000,270005
20220127,59700,59800,56100,57300,297737
20220126,60400,61800,59700,59700,197481
20220125,60600,61800,59300,60000,286462
20220124,62900,63600,61100,61300,278944
20220121,65700,65700,62200,63700,347786
20220120,62300,65800,62300,65700,428946
20220119,61400,63600,60600,62000,449261
20220118,68000,68200,62000,62900,787516
20220117,74400,77700,67400,68100,1245964
20220114,71900,72600,69500,71500,385112
20220113,68800,73000,68700,72000,614680
20220112,67100,69100,67000,68000,193652
20220111,66500,68200,65600,66500,264792
20220110,66100,67400,65600,65800,153085
20220107,65300,67100,64500,66200,212502
20220106,65900,68300,65300,65400,333036
20220105,71100,71200,66700,67600,493226
20220104,69100,72200,68800,70900,660583
20220103,69500,70000,67900,69100,269474
20211230,68700,70200,67600,68600,432604
20211229,65300,68700,65000,67800,396298
20211228,66900,67800,65100,65500,404594
20211227,63400,67000,63400,66100,554903
20211224,62300,63400,62000,62700,151933
20211223,61200,62800,61100,62500,184187
20211222,61600,63500,60900,61100,199855
20211221,61400,63200,60300,61800,286591
20211220,63100,63700,61100,61100,325400
20211217,60200,66700,60000,64300,902744
20211216,62000,63200,60600,60900,218989
20211215,62800,62800,60900,62000,242903
20211214,63500,63700,62000,62900,301840
20211213,61600,64600,61200,62900,500675
20211210,62300,63800,60200,61000,431770
20211209,59500,63200,58800,62900,816178
20211208,57500,59300,56700,58100,250849
20211207,58400,58500,56500,57200,204684
20211206,57500,58700,57100,57900,165632
20211203,56700,58400,55700,57800,265432
20211202,55500,56500,54600,56200,258576
20211201,53700,56300,52900,55700,345006
20211130,54900,56800,53200,53700,343377
20211129,55400,59200,54500,54700,586416
20211126,56800,57400,55300,55700,270274
20211125,57400,58500,56300,56800,267203
20211124,55800,58600,55300,57900,429282
20211123,57200,59000,55900,56200,521198
20211122,63700,64200,56900,57700,1057882
20211119,60600,66300,59500,65000,2980146
20211118,60400,72900,58000,58000,3662471
20211117,53700,57900,52000,57800,1946055
20211116,49000,50500,48700,49950,178318
20211115,49350,50200,48600,48850,98521
20211112,47850,50000,47300,48900,242818
20211111,48750,49900,47550,47950,193161
20211110,49100,50400,48400,48700,186939
20211109,47300,49100,47300,49100,134604
20211108,47500,47700,46700,47500,79286
20211105,48000,48150,46200,47450,110528
20211104,47400,48400,47300,47700,92340
20211103,46500,47200,45800,46900,98266
20211102,47100,47200,46400,46600,40928
20211101,46700,47650,46450,46650,53677
20211029,47850,47850,46550,46600,78667
20211028,46800,48100,46250,47450,120705
20211027,46400,46900,45600,46550,66048
20211026,46400,46800,45650,46300,104693
20211025,46350,47300,46000,46400,71673
20211022,47500,47700,46300,46750,95780
20211021,47250,48250,47000,47500,97955
20211020,48700,49250,47050,47200,127463
20211019,49250,49450,48650,48850,55514
20211018,49200,49350,48100,49050,105745
20211015,48150,48850,48000,48600,95604
20211014,48400,48450,47750,48150,90251
20211013,48150,49000,47700,48100,83483
20211012,48900,49000,47900,48650,57086
20211008,50300,50300,48300,48900,76826
20211007,46750,49100,46750,49000,134726
20211006,50100,50300,46500,46600,205611
20211005,49900,50900,49100,50300,100132
20211001,51400,52100,50200,50400,119069
20210930,50300,52200,49700,52000,247238
20210929,49050,49650,48150,49150,215841
20210928,50300,51100,49800,50300,100827
20210927,51000,51700,50200,50600,136616
20210924,52700,53100,51100,52000,135268
20210923,51900,52600,51300,52200,104665
20210917,52100,53000,50700,52600,180179
20210916,51500,52400,50200,51800,179885
20210915,50200,51400,49900,50800,147813
20210914,49850,51000,49800,50400,92920
20210913,51500,51500,49850,50300,139411
20210910,50800,52300,50800,51300,107731
20210909,52400,53300,50800,50800,191763
20210908,51900,52900,51200,52300,135918
20210907,51700,52400,51100,52000,92790
20210906,51200,52100,50700,51700,114048
20210903,51700,51900,50300,51200,216049
20210902,52500,52800,50900,51600,194622
20210901,51600,53200,51200,52400,209188
20210831,53400,53800,51600,52100,309564
20210830,49500,53200,49150,52700,690885
20210827,50000,51500,48600,48850,605223
20210826,48800,49950,48150,48600,201588
20210825,47150,49100,46600,48800,279158
20210824,49550,49600,46800,47000,306871
20210823,47100,49450,47000,48500,379820
20210820,48050,49950,45550,46400,548284
20210819,48300,48950,47350,47850,303943
20210818,47800,48850,46600,48500,393136
20210817,46100,48350,45900,47650,761633
20210813,46300,46650,44800,45800,440185
20210812,44500,45600,43450,45350,527582
20210811,43250,44500,43250,44250,168444
20210810,43300,43700,42150,43200,97516
20210809,44100,44150,43100,43150,98313
20210806,44300,44450,43550,44050,108117
20210805,44200,44450,43800,44250,80453
20210804,42750,44300,42650,44100,191360
20210803,43200,43250,41850,42800,144925
20210802,42950,44000,42400,43250,144797
20210730,43000,43100,42200,42800,144417
20210729,43800,44300,43150,43250,106986
20210728,44000,44500,43050,43650,141037
20210727,43900,45400,43750,44000,273059
20210726,44500,44500,43450,43650,162128
20210723,44100,44650,43600,43900,216069
20210722,42500,43800,42450,43550,245708
20210721,43200,43500,42250,42450,114942
20210720,41800,43150,41700,42950,134449
20210719,42500,43500,42350,42500,184572
20210716,41500,42400,41400,42350,128343
20210715,41150,41750,41050,41400,98681
20210714,41400,41550,40950,41050,109810
20210713,41950,42000,41250,41350,158681
20210712,42100,42250,41500,41600,104769
20210709,42000,42350,41250,41650,186932
20210708,44250,44300,42250,42350,230132
20210707,44300,44500,43300,44150,166140
20210706,44500,44750,43600,44350,204911
20210705,42600,44500,42450,44350,497418
20210702,41600,42500,41600,42100,133129
20210701,42500,42600,41400,41500,173737
20210630,42550,42550,42050,42450,79725
20210629,42250,42700,41750,42350,103017
20210628,42250,43300,41850,42150,206294
20210625,41750,42700,41700,41800,114417
20210624,41950,42350,41400,41850,155244
20210623,43000,43500,41950,41950,180557
20210622,43050,43350,42750,43000,107364
20210621,43300,43500,42550,42650,176966
20210618,42650,44100,42350,44100,248379
20210617,43200,43200,42250,42400,148933
20210616,42500,43550,42450,43400,118788
20210615,42500,42900,42300,42450,113891
20210614,43350,43350,42400,42500,195799
20210611,44150,44200,43100,43350,147644
20210610,45100,45150,43550,44000,331682
20210609,43900,45250,43650,44900,358027
20210608,43400,44750,43150,43700,443926
20210607,43100,43650,42750,43400,219734
20210604,43250,43500,42800,42900,298792
20210603,44650,44700,43400,43600,310725
20210602,46400,46500,44200,44450,490473
20210601,44400,46950,44050,46800,553623
20210531,44750,45150,44050,44250,299025
20210528,45250,45500,44500,45000,372806
20210527,46850,47100,45450,45750,509581
20210526,46600,47800,45700,47200,697435
20210525,44150,49000,44100,47100,2594645
20210524,43000,44950,41500,43350,2162168
20210521,39750,40100,38650,39500,127089
20210520,40850,40850,39400,39650,122563
20210518,38850,41200,38700,40850,252175
20210517,40200,40300,38950,39350,90749
20210514,38700,39700,38700,39700,77695
20210513,38550,39500,38300,38650,133814
20210512,39700,39850,38100,39150,105652
20210511,40200,40200,39200,39650,103354
20210510,41400,41400,40000,40200,188785
20210507,40250,41250,40150,41000,85679
20210506,39800,40900,39450,40200,109894
20210504,38700,39750,38450,39550,65758
20210503,39800,39800,38800,38800,89016
20210430,39750,40300,39500,39600,99332
20210429,39450,40550,39100,40300,76271
20210428,41000,41000,39200,39500,127337
20210427,41700,41700,40300,40800,91151
20210426,41500,42050,40950,41400,183414
20210423,40500,41100,39500,40800,173431
20210422,41000,41400,40450,40550,128600
20210421,42400,42450,40600,41000,171708
20210420,42200,42800,41850,42500,101887
20210419,41850,42500,41300,42500,112097
20210416,42350,42450,41700,41850,102171
20210415,43350,43350,42200,42350,119704
20210414,43600,43700,42950,43400,106207
20210413,42300,43700,42300,43600,183583
20210412,43000,43250,42050,42500,108818
20210409,41650,43350,41550,43000,180914
20210408,42100,42250,41300,41450,137438
20210407,43550,43950,42100,42100,223860
20210406,43900,44450,42650,44000,253301
20210405,41700,44350,41500,43900,438876
20210402,40750,41900,40700,41250,251483
20210401,40350,40600,39600,40450,142695
20210331,39300,41000,39250,40150,236950
20210330,40500,40500,39000,39100,198707
20210329,39000,39600,38350,39200,151195
20210326,38900,39750,38500,38650,145938
20210325,37600,38600,37500,38500,121583
20210324,36750,37550,36550,37400,81141
20210323,37950,38300,36500,36850,161840
20210322,38700,38850,37600,37900,112663
20210319,37950,38900,37300,38650,87906
20210318,38350,39400,38200,38400,105787
20210317,38200,38500,37300,38400,81576
20210316,38000,38450,37750,38000,55398
20210315,38450,38500,37650,37900,92918
20210312,37200,38250,36950,38150,109472
20210311,35250,37000,35250,36750,159262
20210310,36700,37200,35050,35250,145864
20210309,37500,38050,35500,36250,194587
20210308,37600,38550,37200,37500,157322
20210305,37100,37400,36400,36900,103486
20210304,37600,38000,36850,37550,91589
20210303,37300,38100,37100,38100,101610
20210302,38000,38400,36800,37050,101492
20210226,38550,38550,36550,37000,255878
20210225,38500,39300,38200,39300,144087
20210224,39650,39950,37600,37800,218762
20210223,40600,40600,39450,39850,147358
20210222,42300,42800,40500,40750,208558
20210219,42000,42450,40400,42250,198872
20210218,41850,43500,41800,41950,261400
20210217,41400,42200,40900,41650,148956
20210216,42700,42900,41450,41600,202821
20210215,43450,43450,41900,42750,216029
20210210,42300,43700,41850,43050,317435
20210209,42950,43800,41800,42200,278714
20210208,45350,47050,42800,42850,534918
20210205,43600,46350,42750,45350,970739
20210204,39300,43800,38850,43600,1423563
20210203,39000,39300,38250,39000,142519
20210202,39100,40150,38100,38700,238582
20210201,36800,38550,35700,37900,213745
20210129,38050,39000,36100,37150,261099
20210128,37950,38500,37550,37550,208176
20210127,40500,40850,38600,38850,285380
20210126,40250,41400,39400,40500,353343
20210125,41200,41800,39800,40600,366583
20210122,43100,43200,40700,41050,428904
20210121,39750,42700,39050,42700,857066
20210120,36350,39650,35050,38600,694759
20210119,35000,36100,34500,35950,446834
20210118,32900,35250,32850,34100,567462
20210115,33000,33300,32300,32850,174037
20210114,32150,33200,31950,33000,166448
20210113,32350,33250,32000,32450,260144
20210112,32200,32300,31500,32250,200245
20210111,31650,33000,30900,32000,543499
20210108,30300,31850,30200,31200,470306
20210107,30550,30800,30050,30100,204494
20210106,31350,31600,30400,30400,204480
20210105,30650,31150,30400,31100,135770
20210104,30600,30750,30100,30700,116063
20201230,30150,30800,29950,30500,140777
20201229,30350,30450,29900,30150,77642
20201228,30250,30550,30200,30550,108627
20201224,30350,30600,30050,30250,102061
20201223,29350,30300,29250,30100,167033
20201222,30000,30000,29250,29250,78330
20201221,30500,30500,29700,29950,110346
20201218,29000,30250,29000,30050,198271
20201217,29450,29550,29000,29050,93715
20201216,29650,29650,29250,29450,69202
20201215,29300,29550,29150,29500,76618
20201214,29400,29400,29050,29250,58608
20201211,29000,29450,28850,29050,85076
20201210,29000,29250,28750,29000,97020
20201209,28700,29350,28700,29050,68966
20201208,29000,29100,28650,28650,79073
20201207,29150,29150,28800,28950,70338
20201204,29100,29400,28950,29150,94014
20201203,29300,29450,29000,29100,95206
20201202,29950,30200,29050,29200,175500
20201201,30300,30300,29900,29900,77997
20201130,30350,30350,29850,30300,82377
20201127,30000,30050,29750,30000,28880
20201126,29650,30050,29650,29950,39030
20201125,30000,30200,29750,29800,108292
20201124,30100,30150,29850,29950,55648
20201123,30100,30100,29500,29950,71599
20201120,29900,30100,29750,29950,72181
20201119,29950,30000,29600,29850,36828
20201118,29600,30000,29250,29850,58631
20201117,29900,29950,29500,29600,72414
20201116,29650,30150,29450,29900,91655
20201113,29600,29750,29250,29600,58445
20201112,30050,30050,29500,29600,97806
20201111,29700,30300,29500,30200,93716
20201110,29400,29800,28950,29650,85270
20201109,29650,29850,29100,29250,95956
20201106,29950,30050,29550,29550,91061
20201105,28750,29700,28700,29500,72791
20201104,28550,28800,28350,28650,56637
20201103,28000,28900,27950,28300,82176
20201102,28350,28350,27900,28050,52837
20201030,28850,28850,28000,28050,58868
20201029,28500,28650,28200,28550,61656
20201028,28450,29000,28400,28900,56769
20201027,29500,29850,28850,28900,131634
20201026,29850,30100,29700,29950,33556
20201023,30000,30150,29600,30000,58463
20201022,29800,30050,29250,30000,41193
20201021,29550,29950,29250,29600,59286
20201020,30200,30450,29400,29500,97137
20201019,30150,30600,30000,30400,59798
20201016,30500,30600,29850,29950,76817
20201015,30900,31000,30000,30400,64957
20201014,31400,31550,30850,30900,92409
20201013,31750,32000,31200,31400,84839
20201012,31950,32000,31500,31750,60736
20201008,32150,32200,31600,31850,79125
20201007,32100,32200,31600,32100,66880
20201006,32150,32200,31850,32100,54050
20201005,32850,32850,31700,32150,67020
20200929,32050,32300,31750,32150,52643
20200928,31350,32300,31350,32050,45533
20200925,31900,31900,31000,31100,53485
20200924,32200,32350,31250,31250,131885
20200923,32600,33250,31900,32800,87829
20200922,34350,34750,32450,32450,153546
20200921,34300,35150,34050,34550,129210
20200918,34500,34950,33350,34500,220736
20200917,32000,34300,31550,34250,320187
20200916,32100,32350,31750,32000,149296
20200915,32000,32000,31350,31650,60876
20200914,31800,31950,31450,31600,58208
20200911,31550,32100,31350,31500,70878
20200910,31700,32100,31600,32000,81440
20200909,31200,31800,31200,31500,115839
20200908,33350,33600,31900,32150,178995
20200907,32100,32400,31750,32100,90964
20200904,31200,32050,31200,31700,132407
20200903,31950,32550,31800,32050,94829
20200902,32450,32450,31650,31950,113619
20200901,30900,32350,30800,32350,124276
20200831,31750,32150,30800,31200,137954
20200828,32300,32300,31300,31750,78247
20200827,32800,33100,31600,31800,121641
20200826,33600,33950,32750,32900,94766
20200825,33650,34100,33500,33700,99500
20200824,34000,34550,33550,33650,73705
20200821,34700,34850,33500,34000,125216
20200820,33950,35150,33600,33700,174793
20200819,33150,35250,32700,34300,200039
20200818,34200,34700,33300,33400,189875
20200814,36250,36900,33950,34300,252393
20200813,36750,37050,35550,36150,200440
20200812,35050,36600,34700,36600,215578
20200811,35550,35550,34300,35300,179475
20200810,32550,34700,32550,33900,129248
20200807,33250,33700,32700,33150,67073
20200806,33150,34500,33150,33300,99479
20200805,34650,34750,33300,33450,86328
20200804,33500,34700,33450,34400,81764
20200803,33650,34150,32750,33700,122829
20200731,34600,35100,33500,33650,99576
20200730,35550,35650,34350,34900,146100
20200729,34350,35300,33650,34900,248259
20200728,33700,34100,33000,33350,117186
20200727,32200,33700,32200,33700,152703
20200724,32250,33000,31600,32150,78080
20200723,31900,32300,31150,32100,91214
20200722,31900,32300,31750,32000,56878
20200721,31450,32400,31150,32000,72536
20200720,31450,31550,30750,31450,51745
20200717,31600,31650,30700,31200,72070
20200716,31200,31250,30600,31100,59298
20200715,29250,31550,29200,31250,215974
20200714,29000,29300,28400,29150,80504
20200713,28600,29250,28000,29000,67546
20200710,29750,29850,28450,28550,140316
20200709,29400,30000,29400,29900,61343
20200708,30300,30300,29500,29650,68526
20200707,30600,31350,30050,30150,94163
20200706,30000,30400,30000,30400,49998
20200703,30000,30350,29850,30000,46927
20200702,30000,30300,29600,30000,53327
20200701,30000,30300,29300,29600,66437
20200630,30150,30700,29800,30000,99866
20200629,30600,30700,29500,29650,102081
20200626,30750,31200,30300,30650,96179
20200625,31200,31550,30450,30650,171066
20200624,32000,32350,31300,31800,266696
20200623,32700,33400,32600,32750,147492
20200622,33050,33600,32350,32600,240395
20200619,35750,35850,33400,33550,421055
20200618,36300,36500,35150,35550,415678
20200617,36100,37300,34450,36300,1296368
20200616,34400,34600,32950,34150,457277
20200615,33300,36400,33300,33950,819486
20200612,32000,33050,31150,32700,201824
20200611,33700,34000,32800,32800,202992
20200610,34200,34200,33400,34000,111005
20200609,34450,34500,33600,33950,154531
20200608,34700,34950,33450,33700,198958
20200605,34100,34600,33350,34250,161979
20200604,33700,34500,33700,33950,151104
20200603,34450,34450,33350,33600,242473
20200602,34350,34900,33500,34550,243754
20200601,35600,35650,34100,34300,299681
20200529,36350,36350,34900,35850,204873
20200528,34900,36900,34050,35300,463685
20200527,32750,35000,32450,34950,390732
20200526,31850,32700,31800,32300,140800
20200525,32400,32400,30650,31850,192175
20200522,30950,31650,30150,31400,287285
20200521,29400,30900,28900,30550,428519
20200520,28400,28900,28100,28750,206281
20200519,28800,29450,27400,27950,321502
20200518,26850,28900,26700,28000,376339
20200515,26350,26950,26050,26700,248354
20200514,26200,26400,24900,26050,422472
20200513,24100,26200,23850,26200,538445
20200512,24200,24500,23750,24100,116097
20200511,23900,24550,23850,24500,184403
20200508,24000,24150,23800,23900,128536
20200507,23800,24100,23700,23900,127176
20200506,24100,24450,23750,23950,161815
20200504,24400,24850,24000,24000,314304
20200429,26150,26300,25550,26100,216315
20200428,25600,27450,25250,26000,533731
20200427,25750,26100,24650,25700,410875
20200424,24000,26700,23950,25650,949572
20200423,23250,23700,23150,23550,186639
20200422,23500,23850,22900,23350,289730
20200421,23150,28350,22650,23650,2019460
20200420,23200,23750,22950,23150,113988
20200417,22800,23350,22800,23250,82336
20200416,22350,22900,22000,22800,67350
20200414,22350,23150,22300,22900,57812
20200413,23200,23300,22250,22350,92690
20200410,23400,23650,22750,23550,83321
20200409,23300,24150,22600,23500,188868
20200408,22050,23600,21650,23150,213828
20200407,20550,22200,20400,21650,194723
20200406,19300,20150,19000,20100,84729
20200403,19250,19650,19050,19300,89124
20200402,19300,19650,18700,19450,93325
20200401,19500,20250,18850,19400,132819
20200331,19300,19600,19000,19300,98715
20200330,18700,19200,18200,19050,79402
20200327,19400,19750,18400,19100,115512
20200326,19300,19550,18500,18500,166999
20200325,18200,19050,18200,18950,157630
20200324,16700,17850,16600,17850,146422
20200323,15800,16850,15600,16550,132657
20200320,16000,17400,16000,17400,246970
20200319,19400,20000,16000,16100,330342
20200318,20600,20850,19400,19400,138065
20200317,20000,21200,19850,20600,144060
20200316,21350,24900,20850,21350,129076
20200313,20300,21800,19850,21350,258243
20200312,24400,24650,22550,22750,187293
20200311,25050,25400,24600,24600,89405
20200310,25200,25600,24800,25200,78074
20200309,26200,26200,25000,25200,125088
20200306,27000,27250,26300,26400,85549
20200305,26750,27300,26550,27000,59831
20200304,26450,26850,26450,26700,50264
20200303,26100,26600,26100,26450,87849
20200302,26100,26300,25900,26000,90980
20200228,26650,26950,25950,26050,122466
20200227,27100,27400,27050,27150,66680
20200226,27000,27300,26800,27250,63197
20200225,27000,27400,26500,27100,85231
20200224,27700,27700,27050,27050,92125
20200221,27700,28400,27700,27900,97017
20200220,27550,28950,27550,28000,185854
20200219,27750,27900,27100,27450,83768
20200218,27700,27800,27400,27550,73705
20200217,28650,28650,27800,27850,123086
20200214,28450,28800,28400,28650,43385
20200213,28900,29000,28400,28650,75345
20200212,29050,29250,28400,28900,170321
20200211,29850,29900,29200,29450,64260
20200210,28950,29700,28900,29500,43678
20200207,29100,29550,28850,29150,47795
20200206,28200,29400,28100,29300,70353
20200205,28050,28400,27850,28100,72513
20200204,27850,28350,27850,27950,68501
20200203,27500,28150,27100,28100,72980
20200131,28800,29100,27850,27850,93286
20200130,29100,29400,28500,28700,91502
20200129,28900,29350,28900,29200,56587
20200128,29500,29700,28800,29050,107211
20200123,30000,30300,29850,30100,61177
20200122,29700,30200,29350,30100,88609
20200121,29300,29700,29150,29550,75556
20200120,29600,29750,29050,29250,159668
20200117,29950,30100,29550,29600,106885
20200116,30100,30450,29800,29900,121385
20200115,30300,30350,29750,29950,163638
20200114,30500,30850,30100,30250,145697
20200113,30650,31050,30200,30500,165254
20200110,31800,31800,30700,30950,186263
20200109,31550,32050,31400,31800,242925
20200108,33200,35350,31950,32400,605312
20200107,33550,33600,32450,32850,113768
20200106,32900,34200,32850,33600,188696
20200103,31650,33250,31350,32850,199004
20200102,31650,32000,31600,31750,51155
20191230,31750,31900,31450,31600,89073
20191227,31100,31400,30700,31150,87373
20191226,31900,32000,31200,31350,108196
20191224,32350,32500,31650,31950,69789
20191223,32500,32600,32050,32350,42677
20191220,32050,32550,31800,32400,58661
20191219,32050,32500,31600,32400,70910
20191218,32700,33100,31950,32100,83059
20191217,33100,33400,32650,32700,98340
20191216,33650,34050,32600,33400,116782
20191213,33400,33650,33150,33500,60832
20191212,33150,33500,32850,33350,110512
20191211,33450,33450,32850,33100,36810
20191210,33650,34100,33350,33450,22930
20191209,34350,34350,33650,33900,75739
20191206,33450,34100,33350,34050,31851
20191205,33300,33900,32900,33900,48449
20191204,33500,33800,33150,33650,41903
20191203,34800,34800,33500,33700,56701
20191202,34450,34700,33600,34650,62290
20191129,34550,34550,33500,34250,64209
20191128,33700,34400,33550,34200,38418
20191127,34800,34900,33900,34000,32120
20191126,34350,34700,34050,34500,62515
20191125,33850,34400,33550,34350,64478
20191122,34250,34450,33200,34100,82757
20191121,33800,34400,33600,33700,61896
20191120,34500,34550,33700,33900,73090
20191119,34200,34650,33700,34500,63146
20191118,34650,34650,34100,34550,46091
20191115,32900,34450,32700,34400,114849
20191114,32600,32900,32300,32500,64091
20191113,32450,33000,32300,32750,43827
20191112,32650,32950,32150,32650,62338
20191111,33550,33900,32800,32800,81362
20191108,33600,34000,33600,33800,29414
20191107,33750,34100,33200,33750,58606
20191106,33350,34150,33150,33850,63819
20191105,33350,33850,32800,33300,104582
20191104,34000,34000,33450,33450,57535
20191101,33700,34000,33250,33750,46812
20191031,33550,34000,33200,33650,72682
20191030,33850,34100,32950,33450,114560
20191029,34400,35050,34000,34200,69886
20191028,35450,35550,34600,34600,45987
20191025,34650,35350,34650,35000,48468
20191024,35100,35650,34800,35150,59951
20191023,35100,35850,34900,35500,70650
20191022,35500,36050,35450,35450,67083
20191021,35500,35800,34600,35650,86078
20191018,35150,35500,34750,35100,50942
20191017,34400,36050,34400,34850,107537
20191016,35250,36700,35250,35500,117167
20191015,35100,35600,34600,35200,78369
20191014,34650,35000,34450,34950,54441
20191011,35050,35050,34450,34500,36991
20191010,34550,35300,34300,34600,85142
20191008,34200,35350,34200,34850,52016
20191007,34600,35000,34200,34750,51528
20191004,34200,34950,33900,34600,59983
20191002,34700,35450,34700,34700,43584
20191001,35900,35950,35150,35200,64998
20190930,34900,36050,34900,35650,142401
20190927,35200,35200,34500,34800,46220
20190926,34700,35700,34500,34950,59048
20190925,35100,35400,34250,34650,61605
20190924,35100,35850,34500,35000,113631
20190923,34900,36200,34650,34700,149975
20190920,34450,35650,33950,35200,137607
20190919,34000,35300,33750,34600,174131
20190918,32650,34800,32500,34300,163295
20190917,32250,32950,31950,32450,72658
20190916,33050,33350,31700,32250,188817
20190911,33750,34100,32950,32950,138533
20190910,33100,33700,33000,33550,71415
20190909,33700,34300,33050,33350,106502
20190906,34000,34500,33700,33850,85267
20190905,35500,35550,33750,34000,201166
20190904,33200,35400,32950,35400,280488
20190903,31250,33250,31250,33200,212301
20190902,31000,31550,30900,31000,57805
20190830,31300,31600,31100,31150,57936
20190829,31600,31900,30950,31300,64291
20190828,31500,32400,31050,31500,90427
20190827,31350,31850,31100,31250,58114
20190826,31250,31750,30400,31200,94158
20190823,31650,31750,30800,31250,97499
20190822,32000,32000,31150,31200,65123
20190821,31300,32050,31300,31900,75873
20190820,30950,32050,30850,31800,91759
20190819,30600,31150,30000,31100,112666
20190816,30100,30950,29950,30550,117166
20190814,28500,30600,28200,30300,181916
20190813,28200,28700,27850,28450,73653
20190812,27750,28150,27550,28150,55574
20190809,27400,27900,27400,27750,64231
20190808,27050,27550,26700,27300,141850
20190807,27800,28100,26550,27100,159069
20190806,28300,28500,27300,28000,135164
20190805,28950,29500,27750,28500,126562
20190802,28650,29900,28300,29350,78292
20190801,29400,29550,28850,29150,39951
20190731,29700,29750,29100,29450,61715
20190730,28100,29700,27850,29700,74870
20190729,29000,29250,28350,28400,60281
20190726,29250,29850,29000,29050,65626
20190725,29900,30300,28850,29750,124427
20190724,30100,30400,29550,29750,71433
20190723,30100,30500,29700,30050,58514
20190722,29800,30650,29450,30150,80677
20190719,28950,29950,28950,29800,128004
20190718,29100,29250,28800,28950,65444
20190717,29000,29300,28550,29050,86598
20190716,28400,29200,27950,29050,93908
20190715,28450,28700,27850,28400,90992
20190712,28300,28600,28250,28400,62167
20190711,28200,28550,28200,28300,84236
20190710,28200,29000,28100,28250,129963
20190709,28600,28850,27950,28500,90603
20190708,29800,30050,28300,28550,135655
20190705,29800,30300,29700,30050,77213
20190704,30750,30800,29700,29800,132307
20190703,30950,31050,30500,30550,63216
20190702,30500,31000,30100,30650,122205
20190701,31350,31350,30150,30650,139514
20190628,32000,32250,30950,31100,156909
20190627,32150,32500,32050,32150,79068
20190626,32350,32850,32050,32100,90220
20190625,33300,33400,32200,32350,140299
20190624,33900,33900,32950,33200,78447
20190621,33850,34150,33550,33800,75793
20190620,33750,34100,33600,33700,46238
20190619,34100,34400,33700,33700,52078
20190618,33800,34250,33400,33950,56961
20190617,35200,35200,33850,34000,76060
20190614,34600,35050,34050,34900,69607
20190613,34400,34700,33900,34600,80605
20190612,34750,35100,34250,34500,58592
20190611,34300,34950,34300,34750,67429
20190610,33300,34450,33250,34300,79543
20190607,32950,33350,32800,33300,77005
20190605,33000,33200,32700,32900,73592
20190604,32650,33250,32550,32850,94753
20190603,33250,33300,32250,32950,154957
20190531,33100,33800,33100,33450,40519
20190530,33950,33950,33100,33200,66216
20190529,34400,34450,33350,33550,47955
20190528,34800,34950,33950,34100,61869
20190527,34900,35350,34200,34750,71872
20190524,34200,35150,34200,35050,62159
20190523,34200,34400,33900,34250,37812
20190522,33850,34500,33550,34300,73645
20190521,34200,34950,33650,33850,78531
20190520,34850,35500,34500,34500,68081
20190517,34400,35000,33950,34500,57230
20190516,34100,34400,33450,34250,79188
20190515,34000,34400,33350,34000,51838
20190514,32500,34550,32500,34000,88041
20190513,34700,34900,33250,33250,107187
20190510,34850,35600,34050,34700,89231
20190509,36650,36700,34500,34500,213039
20190508,36800,37000,36450,36600,43011
20190507,36850,37550,36350,37250,178256
20190503,37250,37500,36200,36300,115529
20190502,37150,37800,36850,37400,59057
20190430,36300,37550,36300,37450,87778
20190429,36750,36800,36000,36450,89795
20190426,37500,37500,36350,36750,99090
20190425,37600,37850,36900,37500,56404
20190424,38000,38050,37300,37500,88189
20190423,38450,38450,37250,38250,89448
20190422,38750,39350,38200,38350,110791
20190419,38650,38650,37950,38550,98727
20190418,37600,38850,37500,38400,204140
20190417,37900,37900,37050,37550,102787
20190416,37100,38000,36850,37850,105791
20190415,37550,37800,37050,37150,76838
20190412,37200,38100,37200,37650,107103
20190411,36900,37150,36800,36950,84979
20190410,37850,37900,36850,36850,101025
20190409,37650,38100,37350,37500,46228
20190408,38450,38550,37500,37650,101475
20190405,38850,39350,38400,38450,51908
20190404,38550,39300,38150,38800,99162
20190403,38400,38700,37850,38150,82021
20190402,39350,39650,38600,38700,98884
20190401,39100,39850,38650,39700,124424
20190329,39250,39850,38600,39350,82305
20190328,40000,40250,39000,39550,95729
20190327,40150,40500,39000,40250,159247
20190326,37900,40100,37750,39900,223585
20190325,38000,39600,37300,38150,137410
20190322,36250,39350,36050,38650,377539
20190321,36700,37050,35800,36000,140861
20190320,35900,37350,35850,36700,310623
20190319,37100,37100,35350,35500,340004
20190318,37500,38250,37000,37200,136629
20190315,36450,38250,36450,38000,233888
20190314,36850,36850,36150,36450,102768
20190313,37100,37250,36150,36500,91179
20190312,38150,38150,36900,37050,88424
20190311,37700,37900,36750,37700,81552
20190308,38700,38700,37250,37800,99841
20190307,39500,39500,38000,38650,112935
20190306,38000,39550,37700,39150,118273
20190305,39000,39300,37800,38600,108841
20190304,39350,40500,38350,39050,133993
20190228,40800,40850,38800,38950,159727
20190227,38000,40650,37750,40600,378095
20190226,38200,38300,35900,38050,119908
20190225,39550,39550,37700,38150,122906
20190222,38400,39350,38300,39300,102855
20190221,38300,38700,37550,38400,102923
20190220,38600,38950,37400,38300,120838
20190219,38650,39150,37950,38600,130052
20190218,37150,38500,36800,38400,229142
20190215,36500,37350,36000,36900,169031
20190214,36150,36450,35850,36450,177937
20190213,35850,36100,35650,35900,204893
20190212,35600,35600,34550,35100,114193
20190211,35550,36000,35050,35400,153318
20190208,34900,35500,34800,35350,172333
20190207,34700,35100,34250,34900,164248
20190201,34050,34700,33700,34550,179758
20190131,34100,34350,33750,34000,145256
20190130,33950,34150,33600,33950,173241
20190129,34300,34700,33550,33700,165018
20190128,34800,34900,34300,34400,140340
20190125,34850,34900,34300,34650,119982
20190124,35800,35950,34550,34700,174972
20190123,35750,35900,35400,35750,98574
20190122,35950,36350,35450,35750,100174
20190121,36050,36300,35300,35950,138536
20190118,37100,37350,35400,35900,251187
20190117,38500,38700,36600,37050,332788
20190116,39850,40200,38500,38700,104338
20190115,40000,40950,39500,39900,161542
20190114,40200,40750,39450,39550,138085
20190111,41000,41350,40700,40750,94533
20190110,41050,41700,40650,41350,164667
20190109,41300,41900,40700,41300,123208
20190108,39850,41550,39850,41350,188811
20190107,40800,40850,39200,39600,164995
20190104,39900,41650,39700,40750,242815
20190103,38300,40900,38300,39900,380297
20190102,37100,38750,36400,38250,274387
20181228,33650,37750,33650,36950,300059
20181227,33100,34700,32800,33700,69031
20181226,32500,33750,31800,33350,103487
20181224,33550,33850,33300,33800,26273
20181221,34000,34350,33200,33550,52369
20181220,34250,35000,33600,34000,54193
20181219,33550,34250,33350,33750,45990
20181218,33800,34150,32900,33550,62435
20181217,34850,35050,33250,33400,58419
20181214,34550,35550,34300,34350,58289
20181213,36000,36050,34950,34950,169042
20181212,35300,35800,35050,35500,64083
20181211,35100,36250,34350,35300,91253
20181210,33250,35450,33250,35100,112342
20181207,34850,35050,33850,34000,62110
20181206,35200,35550,34600,34850,95179
20181205,35350,35700,34650,35200,125439
20181204,35750,36200,34650,35850,123555
20181203,37200,37550,35200,35750,292318
20181130,36600,37400,36250,36950,53430
20181129,37900,37900,36550,36600,100029
20181128,38250,38450,37050,37550,77123
20181127,38700,39200,37600,38250,102378
20181126,36900,39700,36900,39300,115726
20181123,38250,38850,37250,37400,66382
20181122,39400,39400,37650,38100,82531
20181121,39100,39700,38450,39250,98102
20181120,36700,39950,36650,39100,321675
20181119,34950,37000,34950,36850,102089
20181116,35500,35750,34800,35350,82110
20181115,36000,36300,35000,35500,95656
20181114,35400,37300,35200,36200,147154
20181113,35050,35600,34100,35050,101589
20181112,35450,36050,34800,35150,54074
20181109,35700,36400,35150,35350,87259
20181108,33050,36350,32950,36200,298896
20181107,33600,34500,31900,32500,170114
20181106,32250,33450,32050,33350,75645
20181105,30400,32400,30400,32250,75804
20181102,29450,30850,29450,30600,80209
20181101,29100,29900,29100,29400,64641
20181031,29100,29950,28600,29100,88315
20181030,28300,29850,27950,29050,167118
20181029,30700,31500,29150,29200,144787
20181026,31100,31450,30500,30750,82021
20181025,30900,31350,30550,30850,147789
20181024,31600,32450,31300,31550,111895
20181023,32850,33050,31400,31850,109856
20181022,33650,33900,32800,32950,98629
20181019,34100,34200,33600,33650,73579
20181018,34000,35350,34000,34550,65492
20181017,34500,34600,34050,34400,54440
20181016,35050,35050,33850,34050,65426
20181015,33750,34900,33500,34550,114795
20181012,33200,35350,33200,33800,137585
20181011,35300,35950,33400,34200,243241
20181010,37000,37600,35900,36500,120099
20181008,38000,38000,36800,36950,111411
20181005,37900,38300,36550,38050,168533
20181004,36750,37950,35800,37900,259541
20181002,34850,36400,34750,36250,196981
20181001,34600,36100,33050,34600,224997
20180928,34000,34800,32600,34650,388767
20180927,33600,36000,33600,35750,209846
20180921,33850,34350,33300,33450,75104
20180920,33050,34000,33050,33800,97621
20180919,34200,34500,33150,33200,104280
20180918,35400,35450,34100,34200,181875
20180917,36350,36400,35400,35400,110517
20180914,34500,37000,34450,36550,322919
20180913,34100,35100,33850,34100,175866
20180912,33900,34300,32800,34100,126217
20180911,34700,34700,33300,33700,127048
20180910,35600,35600,34450,34600,130806
20180907,34700,34800,33900,34300,61310
20180906,33650,34400,33600,34250,60699
20180905,34000,34600,33600,33650,70099
20180904,34150,34300,33450,33900,80138
20180903,33600,34400,33500,34150,103509
20180831,34000,34000,33150,33300,103255
20180830,34350,34450,33750,34000,139519
20180829,32750,35000,32750,34650,385764
20180828,31950,32400,31600,32300,82815
20180827,32050,32150,31450,31700,76465
20180824,31200,31800,31050,31550,64068
20180823,32350,32450,30950,31250,198691
20180822,31500,33100,31500,32150,222911
20180821,31100,31850,31050,31500,81836
20180820,31750,32350,31000,31200,138630
20180817,31000,31550,31000,31500,104145
20180816,31750,32200,30850,31150,157356
20180814,33800,33800,30850,32250,395258
20180813,33800,34600,33700,33800,139814
20180810,33850,33850,33300,33650,98048
20180809,34450,34450,33500,33600,135208
20180808,34150,35050,34000,34250,82706
20180807,34500,34600,33750,34150,85263
20180806,34300,34700,34250,34550,60618
20180803,34500,34650,34100,34300,63886
20180802,34700,35500,34100,34300,117465
20180801,34800,35100,34550,34850,50562
20180731,34400,35150,34250,34750,81412
20180730,34600,34950,34200,34400,62935
20180727,34300,34600,33900,34500,65934
20180726,35050,35050,33950,34150,104192
20180725,35000,35450,33950,34600,91418
20180724,34950,35200,34450,35100,69162
20180723,34950,36100,34100,34450,113437
20180720,33600,35000,33600,34900,138535
20180719,35150,35900,33550,33850,226103
20180718,36750,36750,35050,35150,151125
20180717,35250,36850,35250,36450,143188
20180716,35750,35850,35000,35100,223274
20180713,36900,37850,35450,35750,348732
20180712,37050,37350,36400,36550,152459
20180711,37700,37700,36850,36900,123282
20180710,37800,38450,37800,38050,51371
20180709,37900,38800,37600,38200,127168
20180706,37000,37600,36650,37500,74171
20180705,37300,37850,36200,37000,146734
20180704,37700,38300,37050,37200,160908
20180703,37750,38700,37000,38000,178946
20180702,40050,40600,37850,38150,186154
20180629,41650,41900,39700,40050,243354
20180628,42050,42750,41350,41650,193008
20180627,43750,43750,41600,42050,177156
20180626,44800,45550,43500,43850,91147
20180625,44600,46350,44000,44950,93426
20180622,45450,46350,44000,44400,134194
20180621,46100,47200,45200,46300,149599
20180620,49300,49300,46300,46550,299841
20180619,51900,51900,48000,49300,232405
20180618,52600,53400,50600,51000,333401
20180615,49800,53000,49750,51900,366967
20180614,49950,52200,49300,49450,242763
20180612,50100,50900,48850,49100,91925
20180611,52100,52600,49650,49900,125340
20180608,52900,53400,52000,52000,136718
20180607,49500,53500,49000,52900,359637
20180605,49100,49750,47800,49500,133212
20180604,50100,50700,49050,49250,65657
20180601,51500,51500,48750,50100,183881
20180531,50600,52800,49650,51000,391234
20180530,50600,51200,49050,50600,318177
20180529,46250,51400,45500,50600,599133
20180528,43800,46450,43750,46250,256967
20180525,46950,47900,44350,45350,577031
20180524,40650,46600,40600,44450,698037
20180523,40850,41550,40550,40850,99072
20180521,42350,42800,40600,41150,129979
20180518,42200,43100,41750,42950,96988
20180517,42900,43500,41900,42050,96185
20180516,43550,44500,42850,42950,107100
20180515,43250,43850,42900,42950,88194
20180514,43700,44950,43150,43200,75932
20180511,45150,45150,43750,44100,85370
20180510,44000,45150,43100,45000,143301
20180509,44750,45100,42900,44100,277119
20180508,42550,45400,42500,44750,397739
20180504,38650,42500,38000,42450,472169
20180503,36800,39100,36800,38800,365318
20180502,39100,39400,37100,37100,391548
20180430,41750,41750,39350,39550,324915
20180427,42600,43650,42000,42200,120962
20180426,41750,43150,41500,43050,93727
20180425,42100,42700,41500,41650,109172
20180424,41900,42850,41800,42600,91507
20180423,43000,43000,41450,42450,218875
20180420,43300,43750,42900,43400,85801
20180419,45550,45600,42850,43250,317527
20180418,45600,46150,45450,45600,52780
20180417,46750,47050,45600,45750,84514
20180416,46450,47600,46300,46700,83173
20180413,45200,46150,45200,45900,86008
20180412,45400,45550,44850,45100,108211
20180411,45100,46500,44700,45150,123102
20180410,46250,46250,44850,45300,97297
20180409,46200,46850,45900,45900,86398
20180406,46950,47850,46600,46700,70440
20180405,47100,47900,46950,47150,42509
20180404,48150,48650,47000,47000,58162
20180403,47200,48850,46650,48350,85137
20180402,48150,49400,47100,47250,71285
20180330,46200,48400,46150,48150,123766
20180329,47100,47600,45850,46350,111302
20180328,49000,49000,46850,47100,105988
20180327,48450,49550,48300,48750,102958
20180326,48900,49600,47900,48200,82973
20180323,48000,49650,48000,48900,145215
20180322,49600,49850,48100,49400,160385
20180321,46800,49600,46800,49450,184047
20180320,47800,48400,46500,46800,83206
20180319,47250,48300,46250,47950,87399
20180316,47000,47500,46750,47200,51818
20180315,46500,47250,45500,47200,62972
20180314,46600,47150,45950,46200,71994
20180313,47800,47800,47000,47100,60921
20180312,45300,48150,45250,47900,133604
20180309,45300,46250,44750,45100,147227
20180308,45350,45900,45250,45500,125602
20180307,47150,47200,44750,45150,342940
20180306,47800,48550,47600,47800,64839
20180305,47250,48250,47050,47850,66593
20180302,48550,48950,47100,47250,182099
20180228,48950,49550,48850,49000,67877
20180227,49600,50100,49050,49050,83587
20180226,49500,50600,49400,49400,99360
20180223,49250,49650,49050,49200,112996
20180222,49450,50200,49150,49400,82724
20180221,49650,50200,49250,49400,89508
20180220,49650,50600,49450,49900,76193
20180219,49300,49850,48950,49600,99888
20180214,49900,50400,48400,49000,177476
20180213,51500,51800,49950,50100,179629
20180212,51400,52100,50800,51300,106962
20180209,51700,51900,50900,51400,136448
20180208,52200,53800,52200,52400,122733
20180207,53900,55400,52700,52700,115397
20180206,53000,53700,52600,53600,137628
20180205,56700,56800,54200,54300,221099
20180202,58600,58800,57400,57400,183833
20180201,58700,60100,58200,59800,200154
20180131,58400,58900,57600,58600,77778
20180130,58200,59000,57300,58400,94055
20180129,59500,59600,57800,58100,144014
20180126,57300,59100,56600,58900,203013
20180125,54200,57000,54000,57000,217134
20180124,54200,54400,53900,54300,59050
20180123,54500,54600,54000,54400,64149
20180122,54300,54500,53700,54100,57877
20180119,53300,54300,53300,54200,105899
20180118,52900,53800,52900,53400,76193
20180117,53200,53400,52800,53100,63655
20180116,53000,53500,52700,53300,80224
20180115,53600,53700,52400,53200,127141
20180112,53900,54300,53600,53600,72061
20180111,54000,54300,53600,53900,99075
20180110,54700,54900,53700,54000,105983
20180109,54500,55200,54000,54600,95582
20180108,56000,56000,54000,54500,223472
20180105,56100,57500,55400,55800,281124
20180104,58600,59500,57700,57800,141177
20180103,60300,60300,58800,59200,150080
20180102,59800,60500,59500,60300,105294
20171228,57700,60800,57700,59800,330826
20171227,57000,57500,54300,57400,141339
20171226,56300,58000,56300,57500,98603
20171222,56700,56700,55900,56200,93560
20171221,57100,57700,56300,56500,90022
20171220,57100,57500,56700,56900,80944
20171219,57400,57600,56500,56900,104670
20171218,57800,57800,57200,57400,61181
20171215,57900,58100,57200,57800,107934
20171214,57700,58500,57600,57600,146346
20171213,57600,58300,57300,57700,150129
20171212,56800,57700,56800,57300,131914
20171211,56300,57200,55900,56800,104430
20171208,56100,57100,55400,56100,206459
20171207,57200,57300,56000,56100,246057
20171206,58900,58900,57000,57100,212034
20171205,59000,59500,58500,58800,125035
20171204,59800,60400,58800,58900,125678
20171201,59700,60000,58600,59100,102069
20171130,58900,60000,58000,59500,365465
20171129,59200,59400,58600,58600,149181
20171128,59400,59700,58700,58700,133597
20171127,60000,60500,59300,59400,131401
20171124,59600,60300,59100,60000,132234
20171123,59400,60000,58500,59900,114873
20171122,59700,60300,58900,59400,207533
20171121,60500,60900,59200,59600,218339
20171120,61300,61600,59300,60400,503972
20171117,57000,58700,56800,57800,184530
20171116,57500,57800,56300,57400,180581
20171115,57800,58700,57300,57500,334976
20171114,56800,58600,56300,57600,520157
20171113,60000,60100,56000,56600,1019028
20171110,64500,64600,59800,59800,1604786
20171109,73500,73500,72200,72500,49448
20171108,72200,74600,72200,72900,80298
20171107,72200,72600,71800,72000,34418
20171106,72200,72900,70800,72400,49937
20171103,72200,72900,71600,72100,45500
20171102,72100,72600,71200,71500,75600
20171101,71000,73200,70500,72500,80643
20171031,73000,74200,71700,71900,163175
20171030,76000,76400,74400,74900,59044
20171027,76000,78000,75800,76300,54547
20171026,74500,77100,74500,76500,47735
20171025,74900,75100,74100,74400,46339
20171024,75500,77200,75100,75200,33446
20171023,77300,77500,75400,76300,38018
20171020,77700,78400,77100,77600,41167
20171019,77300,79900,77000,77700,123658
20171018,75800,76900,75600,75800,63690
20171017,75000,76000,73600,75700,84567
20171016,76200,76200,73500,74500,66815
20171013,74000,76000,74000,75900,96511
20171012,72200,74200,72100,74200,79231
20171011,72000,73500,72000,72200,80447
20171010,72800,73000,70900,71800,70509
20170929,73200,73200,71800,72800,53817
20170928,70500,74000,70500,72700,65866
20170927,71000,71600,70100,71100,44772
20170926,70100,71600,70000,71100,41756
20170925,71600,72500,70100,70100,43981
20170922,71800,73200,71000,71600,41166
20170921,74100,74700,71400,71700,122848
20170920,75000,75200,74000,74500,42659
20170919,73100,74800,73100,74500,58768
20170918,74200,74900,72500,73000,228076
20170915,76700,76700,74800,75000,71537
20170914,75000,76700,75000,75900,70599
20170913,77500,77600,74500,75100,109579
20170912,78600,79200,74100,76200,193375
20170911,77600,79700,77500,79200,58024
20170908,81000,81200,79600,80300,89518
20170907,79000,81500,78500,81000,104010
20170906,78800,80400,78800,79800,58123
20170905,81200,81300,78600,78800,71393
20170904,84800,85100,79700,80000,151538
20170901,83900,83900,82200,82500,46029
20170831,83500,84000,81900,83400,112170
20170830,80700,83700,80700,83300,183387
20170829,79600,80200,78700,79700,60267
20170828,78700,79600,78500,78700,27116
20170825,78000,79900,77200,78700,46618
20170824,78500,79300,77400,78000,47765
20170823,77200,79500,77200,78500,51930
20170822,76400,77900,76400,77900,69102
20170821,79500,79500,75500,75700,127245
20170818,79300,80900,78800,78900,58858
20170817,78800,80500,78600,79400,61084
20170816,79100,80700,79000,79700,76563
20170814,80800,81000,77300,79100,98623
20170811,83400,83500,80000,80800,117891
20170810,82900,83500,80000,82500,137449
20170809,79900,84500,79700,83500,200604
20170808,80700,81300,79200,79600,62014
20170807,80200,81800,79100,80400,92502
20170804,80300,81000,79400,79800,88526
20170803,81700,82600,80100,80300,114800
20170802,85000,85300,81600,82200,130053
20170801,82300,85400,82200,85200,155793
20170731,83800,85600,81900,81900,134725
20170728,82100,83500,81000,82500,130059
20170727,80100,83200,78800,83100,282361
20170726,76800,80500,76300,80200,701321
20170725,72900,73500,72900,73300,90351
20170724,71700,73100,71700,72600,84406
20170721,70900,73100,70100,72500,112391
20170720,71300,71300,70000,70900,87111
20170719,67300,70900,67300,70900,201826
20170718,66300,67900,66300,67200,170224
20170717,68200,68400,65000,67100,283774
20170714,70500,70700,68200,68800,111734
20170713,70500,71000,70200,70700,76968
20170712,70400,72000,70100,70800,69778
20170711,70800,71500,70300,70600,50851
20170710,72800,73200,69700,70200,164068
20170707,73700,74400,72200,72800,63226
20170706,73700,74600,73500,74000,36559
20170705,74300,75000,73600,73900,44545
20170704,73300,75100,73300,74300,70931
20170703,74900,75300,73100,73300,52415
20170630,75700,75700,73800,74000,46855
20170629,74200,75800,74100,75700,58427
20170628,75000,75000,73600,74100,39854
20170627,74300,75200,73300,74500,48816
20170626,75500,75500,73800,74300,37950
20170623,74700,75500,73000,75200,107944
20170622,73000,74600,71800,74200,75149
20170621,74000,75100,72400,73200,118797
20170620,74800,75300,73200,74100,101939
20170619,71400,74800,71400,74700,143250
20170616,72300,72500,71100,71200,122098
20170615,72200,72700,71800,72200,98371
20170614,73100,73200,72100,72100,124019
20170613,73200,74500,73000,73000,131045
20170612,75000,75400,73100,73100,127828
20170609,76000,76400,74900,74900,143160
20170608,78300,78400,74900,75900,633283
20170607,81300,81600,78300,78300,199311
20170605,82900,83000,80800,81200,96177
20170602,81200,82700,81000,82500,75487
20170601,81500,81700,80600,81100,62802
20170531,83000,83100,81000,82000,79271
20170530,82300,83500,81500,82700,68960
20170529,82500,83400,81400,81500,59636
20170526,83800,84000,82400,82400,48958
20170525,83400,84500,81900,83800,110035
20170524,82600,83800,81300,83400,98106
20170523,83000,83100,81500,82500,69850
20170522,80200,82800,80200,82300,95817
20170519,80000,81100,79700,79900,72572
20170518,78500,80700,78000,79500,101481
20170517,81200,81300,78700,79200,77711
20170516,80700,81600,80000,81300,66734
20170515,82000,82300,80400,81000,39756
20170512,81100,81400,79700,81300,74819
20170511,81800,82000,80700,80700,82734
20170510,81000,82300,80100,81800,126640
20170508,79300,82300,79300,81300,120785
20170504,78400,79800,78400,79500,77306
20170502,81100,81200,78200,78200,107118
20170428,79500,81000,79500,80700,111764
20170427,81800,84200,79900,80000,435388
20170426,84800,87000,84000,86800,97838
20170425,84400,86200,84100,84600,57126
20170424,85900,86900,84200,84600,73947
20170421,88000,88500,84500,85800,92399
20170420,90000,90400,86800,87000,111640
20170419,84900,88500,84900,87800,210347
20170418,82800,84800,82600,84700,129759
20170417,81000,83600,81000,82900,86977
20170414,79700,81600,79700,80300,53158
20170413,81000,81400,79600,79600,78000
20170412,82000,82700,80600,81000,66306
20170411,83000,83100,80400,82200,74442
20170410,83300,84700,82800,83100,126407
20170407,81800,82900,81600,82800,131554
20170406,80300,82400,80200,81300,66270
20170405,81300,82100,79600,81200,60779
20170404,79500,80900,78600,80800,55395
20170403,78400,79500,78300,79100,54230
20170331,77700,79500,77600,78500,59332
20170330,77500,78600,76800,77600,52571
20170329,79900,80900,77600,77900,90433
20170328,80800,82300,79700,80100,60760
20170327,80600,81600,79100,81200,45099
20170324,81200,81700,79900,81400,67705
20170323,79300,81600,79300,81200,126992
20170322,80400,80500,78200,78500,103637
20170321,79600,80800,78200,80400,155142
20170320,80000,80500,78400,79000,47620
20170317,77000,80500,76500,79900,124770
20170316,77300,77400,74800,77000,70432
20170315,76500,77600,75900,76500,34431
20170314,78300,78300,76000,76700,93232
20170313,80000,80900,78200,78500,86713
20170310,78800,80900,78100,80000,142791
20170309,76900,78600,76200,78000,115645
20170308,76900,77100,74400,76200,115471
20170307,76100,78400,75600,76300,129519
20170306,75100,76000,74400,75400,65060
20170303,71500,75700,71100,75100,113427
20170302,74400,75200,70300,71500,158324
20170228,73700,74500,72100,74300,86377
20170227,72100,73300,71100,72800,61729
20170224,71000,72700,71000,72100,78040
20170223,71100,71600,70400,71000,107799
20170222,70300,71400,70200,71000,105372
20170221,70900,70900,70200,70400,61908
20170220,71000,72900,70500,70800,49901
20170217,70500,71100,70300,71000,52177
20170216,72500,72500,69400,70500,56265
20170215,70700,73000,70600,71700,92234
20170214,68800,70300,67500,70200,69603
20170213,66900,68800,66800,68000,72224
20170210,68200,68400,65600,66000,116272
20170209,67000,69000,66200,68000,74754
20170208,69500,69800,66800,67100,236276
20170207,70300,71100,70100,70700,32289
20170206,71600,71600,69800,70200,54757
20170203,72100,72200,70600,72000,40037
20170202,71500,72700,71500,72100,40830
20170201,72400,73000,71300,72100,44618
20170131,71300,73100,70700,72400,56721
20170126,71400,73200,71100,71300,72733
20170125,75000,75100,71100,71400,101155
20170124,77600,77700,73900,75000,96178
20170123,79900,80500,77100,77100,55491
20170120,80500,80700,79600,79800,41693
20170119,80500,80800,79500,80700,42665
20170118,80000,80300,78700,79700,40806
20170117,80400,80400,79000,79400,42616
20170116,80500,80500,79200,79700,31267
20170113,81900,82200,80000,80500,71964
20170112,79600,82300,78100,82300,66236
20170111,80200,80800,78500,79300,73780
20170110,81300,81300,79400,79800,82654
20170109,83200,83200,81300,81300,23869
20170106,83000,84000,82300,83200,51331
20170105,83500,84400,81400,82200,51601
20170104,83000,84300,82800,83800,64025
20170103,82000,83000,81700,82900,39319
20170102,79700,82000,79700,81700,19693
20161229,80500,81800,80200,80500,44704
20161228,81200,83300,80600,81100,50075
20161227,81000,82000,80100,81100,31058
20161226,81000,81100,79600,80100,55316
20161223,80500,81500,80500,81100,33311
20161222,81300,81900,80500,81100,44204
20161221,83100,83100,82000,82300,34858
20161220,82000,83300,81900,82600,71987
20161219,83300,83300,81600,81700,65082
20161216,82000,82000,80800,81900,45428
20161215,81500,82600,80500,82000,62331
20161214,79600,82300,79400,81900,147288
20161213,78700,79500,76800,78800,80300
20161212,77700,79900,75900,79300,70677
20161209,74700,77400,74700,77100,46757
20161208,76400,76400,74700,75000,51901
20161207,75200,75300,74100,75000,38223
20161206,75000,75700,74800,75200,28107
20161205,76200,76400,74800,75100,40872
20161202,76000,77100,75000,75500,77340
20161201,76100,76400,74700,75900,32941
20161130,77400,77500,75000,75400,71593
20161129,75800,77300,74500,77000,74659
20161128,76800,76800,75200,75800,39894
20161125,74200,77900,74200,77000,123571
20161124,75600,75600,73000,73000,48406
20161123,76800,76900,74600,75000,47305
20161122,75000,76700,74000,76100,52490
20161121,75200,75400,73500,75000,41434
20161118,76600,76600,74300,74300,102546
20161117,77500,77600,74600,75700,74508
20161116,72100,77200,72100,76600,185828
20161115,67600,73300,67400,72000,403825
20161114,72700,75700,71700,73600,129506
20161111,77500,78900,72200,73700,232896
20161110,76800,81300,76200,77500,401065
20161109,72900,81900,70400,76000,1003232
20161108,74500,74500,71500,72000,41459
20161107,72000,73800,72000,73500,93588
20161104,68200,73000,67800,71400,230144
20161103,65500,68800,64400,68000,227772
20161102,70000,70000,65200,65500,285452
20161101,73400,73500,69600,70300,229640
20161031,76000,76400,73300,74000,134526
20161028,76300,76800,75200,76500,73134
20161027,78200,78300,75200,76000,112377
20161026,78500,79200,76400,77300,87306
20161025,78500,79600,78000,79200,38685
20161024,79900,80400,78200,78500,78728
20161021,79100,79800,77900,79800,42710
20161020,78700,80000,78200,78500,47696
20161019,78000,80100,78000,78200,85170
20161018,77300,78600,76700,77600,51760
20161017,78200,78900,76000,77300,83947
20161014,77500,79500,76300,78500,85586
20161013,80400,80500,76700,76700,181708
20161012,81400,81500,79900,80100,141784
20161011,80500,82800,80400,81900,68623
20161010,80800,81400,80200,80300,49185
20161007,82400,82400,80200,80400,87589
20161006,82600,82700,81600,81900,52139
20161005,84100,85000,81900,81900,96621
20161004,84000,85300,83800,85200,86534
20160930,83100,83600,81100,82900,102313
20160929,82000,84300,82000,83000,109913
20160928,82700,83800,82500,82600,65244
20160927,80900,83700,79800,82700,201495
20160926,83400,84000,80700,80900,242733
20160923,87000,87000,82900,83500,248212
20160922,87300,88100,87100,87200,67207
20160921,88000,88500,87100,87300,67237
20160920,87100,89300,86200,88500,69773
20160919,87300,90000,86800,87700,123891
20160913,84200,86700,84200,86300,66765
20160912,83700,86100,83500,83500,94772
20160909,83600,85000,82900,84300,86142
20160908,87800,88300,82600,83500,258171
20160907,90000,90400,87200,87800,118570
20160906,91000,91700,89300,90000,71774
20160905,92800,92800,91000,91000,69755
20160902,92500,92500,90800,92300,71514
20160901,91200,92800,91000,92100,63147
20160831,88800,91800,88600,91600,96147
20160830,88200,90100,88200,88500,59454
20160829,90100,90200,87800,88500,99878
20160826,90600,91000,89100,90400,36411
20160825,89400,90800,89300,90500,63651
20160824,88600,89900,88400,89100,113657
20160823,90000,90700,87300,87600,174649
20160822,91300,91500,89800,89800,127151
20160819,90800,92300,90000,91300,147935
20160818,92800,93100,90200,90600,217740
20160817,96900,96900,89200,92800,394690
20160816,93700,98200,93700,97000,332241
20160812,104000,105000,103000,103000,48175
20160811,104000,104500,102500,104000,55598
20160810,104000,104500,103000,104000,77225
20160809,104500,105500,103000,104500,128210
20160808,106000,107000,104000,104500,80327
20160805,102500,107000,102000,106000,142483
20160804,103500,104500,101500,103500,88315
20160803,105000,108000,103000,104000,350473
20160802,105000,106000,103500,105000,95895
20160801,104000,106500,104000,105500,137775
20160729,103500,106000,103000,104500,116874
20160728,103000,105000,102500,103500,83648
20160727,100000,104000,99900,103500,108331
20160726,101500,101500,99400,100000,136148
20160725,99900,102000,99500,101500,166973
20160722,98300,100500,98300,99300,1385573
20160721,101500,102000,99600,100000,116128
20160720,95500,99300,95500,99200,102586
20160719,96000,96100,95000,95900,29329
20160718,95200,95700,94500,95400,39551
20160715,97100,97100,94500,95200,57740
20160714,98400,98400,96000,96500,55002
20160713,99400,99500,96600,96700,92190
20160712,97900,99300,97600,99000,84512
20160711,97400,99400,97100,97700,150139
20160708,95200,102000,94500,96000,291676
20160707,94600,95100,94000,94800,55330
20160706,95500,95500,93300,94200,76646
20160705,94500,95800,93500,95700,58664
20160704,96700,96700,94000,94500,93985
20160701,97000,97800,94900,96200,109739
20160630,98100,99400,96100,97100,97764
20160629,98400,99600,97000,98500,92762
20160628,95100,99100,95100,96600,82467
20160627,92000,99400,92000,96400,85183
20160624,97700,98300,92800,94300,119630
20160623,98100,99400,96400,96700,64623
20160622,100500,101000,98900,99000,55463
20160621,104500,104500,99800,99900,63030
20160620,103500,104500,102500,103000,38754
20160617,100500,102000,100000,102000,204155
20160616,102000,102000,99000,99900,57783
20160615,102500,103500,99900,101500,69708
20160614,102500,104000,100500,103500,65686
20160613,104000,106500,103000,104000,61113
20160610,103500,106000,102000,105000,67025
20160609,102500,104500,102000,103500,55137
20160608,101500,104000,100000,103500,76334
20160607,100000,101500,98300,101000,49960
20160603,98400,102500,97500,100000,135127
20160602,96500,98600,96000,98400,48846
20160601,98600,99500,96100,97500,74874
20160531,98000,99400,96500,99300,47352
20160530,98100,99700,97500,98000,99409
20160527,92900,98000,92500,97300,127081
20160526,95500,95700,92000,92000,93458
20160525,96300,98600,95100,95400,99619
20160524,99100,100000,95800,96100,138329
20160523,91200,100500,89800,100000,290033
20160520,90600,91400,89800,89900,73547
20160519,89900,92000,89700,90600,51543
20160518,94200,94500,90500,90600,148327
20160517,97200,97800,94000,94500,96414
20160516,96600,97700,95600,96300,83323
20160513,97800,98700,94800,96200,152529
20160512,99000,101000,97500,99000,57306
20160511,98000,100500,97000,99600,117120
20160510,97100,98300,95600,97400,134930
20160509,93400,96500,93200,96300,132705
20160504,93400,93400,90300,93100,108919
20160503,91900,94200,91600,93200,118303
20160502,89400,93200,88500,91500,116571
20160429,87200,90300,86700,89300,131295
20160428,89500,90000,85000,87200,235094
20160427,90100,91200,88300,89200,206587
20160426,91500,93800,89700,89900,184149
20160425,94500,95200,91400,92000,155343
20160422,91200,94600,90100,93300,257114
20160421,96500,96500,89100,90500,561434
20160420,100500,101000,96500,96500,191180
20160419,102000,102500,100000,100500,81381
20160418,102000,104000,101000,101500,86571
20160415,100500,104000,100500,102000,103269
20160414,106500,107000,99800,100500,156905
20160412,104500,107500,104000,105000,43778
20160411,105000,107000,104000,104500,55909
20160408,104500,106000,104500,105500,31234
20160407,108500,108500,105500,106000,40702
20160406,105500,109000,104500,107500,77871
20160405,102000,106500,102000,105500,90399
20160404,105000,106000,101000,102000,180122
20160401,105500,106500,104000,105500,75605
20160331,103500,106500,102500,105500,171660
20160330,107500,110000,102000,103500,293925
20160329,107000,109000,106500,108500,75927
20160328,107500,109500,106500,107000,63043
20160325,107500,109000,105500,107500,106847
20160324,110000,111500,106000,106500,150053
20160323,113000,114000,109000,110500,265523
20160322,118000,118000,112000,113000,191109
20160321,117000,118500,116000,116500,70222
20160318,118500,121500,115000,116000,140581
20160317,123500,125000,116000,116500,274811
20160316,114000,119000,114000,118000,70683
20160315,114500,117000,114000,114500,35834
20160314,116500,118000,114000,115500,41182
20160311,118500,119500,116000,116500,39820
20160310,115500,119000,115500,117500,66796
20160309,113500,117000,113500,115000,53124
20160308,115500,116500,112000,115000,77991
20160307,117500,117500,113500,115000,71974
20160304,120000,121000,114000,116500,118901
20160303,120500,120500,118500,119500,66983
20160302,117000,121000,115000,120000,111440
20160229,117000,118500,112500,115500,87219
20160226,117500,118500,116000,117500,71241
20160225,112000,118000,111500,117500,168430
20160224,111000,113000,110000,112000,43208
20160223,114500,115000,108000,111000,73318
20160222,110500,114500,109500,112500,83605
20160219,109500,111500,107000,109500,171339
20160218,113500,115000,110500,112500,130039
20160217,118000,118000,110500,111000,118927
20160216,115000,118500,115000,118000,134204
20160215,116000,116000,112500,114500,94227
20160212,116500,118000,109000,114000,146594
20160211,118500,119500,115000,116500,285677
20160205,119500,123000,114000,117500,338925
20160204,124000,124000,121000,122000,59488
20160203,122500,123500,118500,122500,74127
20160202,122000,123500,120500,122000,55072
20160201,129000,130500,121000,122000,210153
20160129,127500,129000,125000,127000,131396
20160128,120000,129500,118500,127500,266780
20160127,120000,121000,117000,119500,92199
20160126,120500,121500,118000,118000,127022
20160125,115000,121000,112500,120500,195619
20160122,113000,115500,112000,114000,120826
20160121,115500,116500,110500,111500,134272
20160120,117000,118000,111000,115500,127046
20160119,119500,120000,115500,117000,86753
20160118,115000,121500,113500,118500,171775
20160115,114000,124500,113000,117000,1600621
20160114,107000,116000,106000,114500,304882
20160113,100500,109000,100500,108500,137821
20160112,102500,105000,100000,100500,62016
20160111,105500,105500,102000,102500,44097
20160108,105000,105000,101500,103500,74841
20160107,107500,109000,105000,106000,86049
20160106,103500,109000,102500,107500,201031
20160105,102000,103500,99900,103000,452310
20160104,102000,104500,99700,103500,140061
20151230,104500,106000,101500,103500,82965
20151229,99200,104500,97700,104000,89253
20151228,102000,102000,98100,98600,74221
20151224,101000,104000,100500,102000,92691
20151223,95700,101000,95300,100000,123289
20151222,94900,96400,94200,95200,76973
20151221,97000,97000,93200,94100,164315
20151218,100500,101000,94900,97600,196953
20151217,106500,106500,100000,101500,123284
20151216,104500,106500,103500,105500,43593
20151215,99800,103500,99800,103000,51457
20151214,104000,104500,99500,99700,90855
20151211,99900,106500,99900,105000,92354
20151210,101000,102000,98000,98800,70924
20151209,99000,103000,96600,100500,139023
20151208,107000,107000,99800,100000,210233
20151207,111500,112000,104500,106500,101274
20151204,108500,112500,106000,109500,109541
20151203,112500,114000,108000,108000,99274
20151202,115500,117000,112000,112000,118221
20151201,117500,119000,115000,116500,61185
20151130,116500,118000,112000,117500,116319
20151127,121000,121000,114500,117500,139659
20151126,116000,123000,114500,120500,238968
20151125,109500,115500,107500,115000,159190
20151124,111500,113000,107500,108500,97101
20151123,112500,114500,108500,109500,98674
20151120,110000,117000,108500,111000,114063
20151119,110500,111500,107500,108500,84925
20151118,105000,108500,103000,108500,145334
20151117,108500,110500,102500,105000,240557
20151116,93000,110000,91200,104500,415147
20151113,90600,94300,90600,93200,50659
20151112,90000,93400,89500,92800,71579
20151111,84300,92000,83600,90000,128165
20151110,89800,89800,83500,83500,190556
20151109,94600,94900,90400,90900,94797
20151106,91000,95300,89700,94900,140823
20151105,92500,93100,90100,92200,113578
20151104,94800,94800,90800,93500,139493
20151103,95000,96300,93600,95000,123260
20151102,94000,95100,91700,94700,188402
20151030,95000,95900,92500,93600,143719
20151029,96000,96300,92400,96000,168972
20151028,88600,95500,87100,95000,376123
20151027,82200,88500,80500,88000,215791
20151026,84000,84600,80000,82400,124196
20151023,83200,86300,81100,83500,140168
20151022,86400,86700,82600,82600,114030
20151021,86900,88700,84800,86400,135929
20151020,89600,91800,84600,86900,271396
20151019,87000,87900,84100,87900,237955
20151016,89900,90000,86300,87400,174679
20151015,84000,89500,83900,88300,346696
20151014,76300,85700,76300,83400,625458
20151013,76000,76900,75500,75900,101099
20151012,77800,77800,75900,76300,143593
20151008,77000,77800,76100,77000,115875
20151007,75000,77600,75000,77000,162093
20151006,77700,78300,74600,76000,205539
20151005,74300,77000,72800,76600,408457
20151002,68400,76100,62000,72800,2259313
