현재가,거래량,체결시간,시가,고가,저가,수정주가구분,수정비율,대업종구분,소업종구분,종목정보,수정주가이벤트,전일종가
+81300,1978122,20240626150000,+81100,+81300,+81000,,,,,,,
+81100,2339346,20240626140000,+81100,+81400,+81000,,,,,,,
+81100,1898495,20240626130000,+80900,+81100,80800,,,,,,,
+80900,756281,20240626120000,-80700,+80900,-80500,,,,,,,
-80700,921397,20240626110000,-80700,+80900,-80500,,,,,,,
-80600,1319588,20240626100000,-80500,-80700,-80300,,,,,,,
-80600,6441252,20240626090000,-80100,+81000,-79900,,,,,,,
+80800,3399262,20240625150000,+80900,+81000,-80400,,,,,,,
+80900,2639432,20240625140000,+81500,+81600,+80700,,,,,,,
+81500,1094778,20240625130000,+81500,+81600,+81300,,,,,,,
+81500,1609364,20240625120000,+81500,+81800,+81400,,,,,,,
+81500,2021213,20240625110000,+81100,+81600,+81100,,,,,,,
+81100,2428750,20240625100000,-80400,+81300,-80400,,,,,,,
-80400,4214364,20240625090000,80600,+80900,-80100,,,,,,,
+80600,1959003,20240624150000,+80700,+80800,+80400,,,,,,,
+80700,2060545,20240624140000,+80200,+80900,+80200,,,,,,,
+80200,1469970,20240624130000,+80100,+80400,80000,,,,,,,
80000,1021003,20240624120000,-79800,+80200,-79800,,,,,,,
-79800,932540,20240624110000,-79800,80000,-79700,,,,,,,
-79800,2260136,20240624100000,+80200,+80400,-79700,,,,,,,
+80300,3879338,20240624090000,-79700,+80400,-79500,,,,,,,
-80000,3973840,20240621150000,-80400,-80600,-80000,,,,,,,
-80500,1258108,20240621140000,-80300,-80600,-80200,,,,,,,
-80300,1030897,20240621130000,-80500,-80600,-80300,,,,,,,
-80500,1508362,20240621120000,-80200,-80600,-80200,,,,,,,
-80300,1140883,20240621110000,-80000,-80400,-80000,,,,,,,
-80000,1887640,20240621100000,-80300,-80400,-80000,,,,,,,
-80300,6117209,20240621090000,-80700,-80800,-80000,,,,,,,
+81600,2457677,20240620150000,+81900,+82000,+81600,,,,,,,
+81900,2360281,20240620140000,+82000,+82100,+81800,,,,,,,
+82100,2480820,20240620130000,+81800,+82100,+81600,,,,,,,
+81900,1126092,20240620120000,+81500,+81900,+81500,,,,,,,
+81500,1503138,20240620110000,+81600,+81600,+81300,,,,,,,
+81600,4778711,20240620100000,+81400,+82200,81200,,,,,,,
+81500,5082836,20240620090000,+81500,+82000,81200,,,,,,,
+81200,2404200,20240619150000,+81200,+81400,+81100,,,,,,,
+81100,2263012,20240619140000,+80900,+81300,+80800,,,,,,,
+80900,1452054,20240619130000,+81000,+81200,+80800,,,,,,,
+81000,2047650,20240619120000,+80900,+81200,+80500,,,,,,,
+80900,1753619,20240619110000,+81400,+81400,+80700,,,,,,,
+81400,2768461,20240619100000,+81400,+81500,+80800,,,,,,,
+81400,11072047,20240619090000,+81100,+82500,+81000,,,,,,,
+79800,1755588,20240618150000,+79900,+79900,+79700,,,,,,,
+79900,1949264,20240618140000,+79800,+80000,+79700,,,,,,,
+79900,886332,20240618130000,+79800,+79900,+79800,,,,,,,
+79800,890933,20240618120000,+79800,+79900,+79700,,,,,,,
+79900,1654098,20240618110000,+80100,+80100,+79700,,,,,,,
+80000,3566265,20240618100000,+79800,+80100,+79600,,,,,,,
+79900,7256553,20240618090000,+78700,+80200,+78600,,,,,,,
-78100,1976638,20240617150000,-78100,-78400,-78000,,,,,,,
-78100,2541284,20240617140000,-78500,-78600,-78000,,,,,,,
-78500,1815719,20240617130000,-79200,-79400,-78400,,,,,,,
-79300,2299807,20240617120000,-78400,-79500,-78200,,,,,,,
-78300,1083245,20240617110000,-78500,-78700,-78300,,,,,,,
-78500,1995965,20240617100000,-78800,-79100,-78400,,,,,,,
-78900,4334979,20240617090000,-79200,-79500,-78500,,,,,,,
+79600,2829574,20240614150000,+79800,+80000,+79600,,,,,,,
+79800,1862269,20240614140000,+79800,+79900,+79500,,,,,,,
+79800,1297851,20240614130000,+79900,+80000,+79800,,,,,,,
+80000,1154675,20240614120000,+80000,+80000,+79800,,,,,,,
+80000,1142192,20240614110000,+80000,+80000,+79800,,,,,,,
+79900,4101117,20240614100000,+80400,+80400,+79400,,,,,,,
+80300,10413254,20240614090000,+79700,+80500,+79000,,,,,,,
+78600,8324640,20240613150000,+78700,+79000,+78600,,,,,,,
+78700,3462556,20240613140000,+78800,+78800,+78500,,,,,,,
+78800,3264887,20240613130000,+78500,+78800,+78400,,,,,,,
+78400,1665398,20240613120000,+78400,+78500,+78200,,,,,,,
+78400,2873931,20240613110000,+78500,+78600,+78200,,,,,,,
+78400,4037095,20240613100000,+78300,+78500,+78200,,,,,,,
+78300,9691415,20240613090000,+78400,+78400,+77800,,,,,,,
+76500,2591215,20240612150000,+76700,+76700,+76200,,,,,,,
+76600,4810583,20240612140000,+75300,+77100,+75300,,,,,,,
+75400,1289435,20240612130000,+75400,+75600,+75300,,,,,,,
+75500,888718,20240612120000,+75500,+75500,+75300,,,,,,,
+75400,876074,20240612110000,+75500,+75700,+75400,,,,,,,
+75600,1776880,20240612100000,+75600,+75800,+75400,,,,,,,
+75700,4470819,20240612090000,+75300,+76100,75200,,,,,,,
-75200,2332577,20240611150000,-75500,-75600,-75200,,,,,,,
-75500,3000858,20240611140000,-75300,+76000,-75300,,,,,,,
-75300,2074324,20240611130000,-75200,-75500,-75100,,,,,,,
-75300,1439893,20240611120000,-75400,-75400,-75200,,,,,,,
-75400,1432139,20240611110000,-75400,-75500,-75300,,,,,,,
-75400,2014703,20240611100000,-75500,-75600,-75300,,,,,,,
-75400,4355287,20240611090000,+75900,+76000,-75300,,,,,,,
-75700,1952255,20240610150000,-76400,-76400,-75700,,,,,,,
-76400,1666212,20240610140000,-76300,-76600,-76200,,,,,,,
-76300,1602737,20240610130000,-75800,-76400,-75800,,,,,,,
-75800,629135,20240610120000,-75900,-75900,-75800,,,,,,,
-75900,1034249,20240610110000,-75900,-75900,-75700,,,,,,,
-75900,1646077,20240610100000,-75700,-75900,-75600,,,,,,,
-75800,5771830,20240610090000,-76100,-76600,-75700,,,,,,,
-77300,1913661,20240607150000,-77300,+77500,-77200,,,,,,,
-77300,1558273,20240607140000,77400,+77500,-77200,,,,,,,
-77300,1985222,20240607130000,-77300,+77500,-77100,,,,,,,
-77200,1336433,20240607120000,-77300,77400,-77100,,,,,,,
-77300,2163867,20240607110000,+77600,+77600,-77200,,,,,,,
+77500,3183754,20240607100000,+77600,+77700,-77100,,,,,,,
+77500,8081876,20240607090000,+78400,+78600,+77500,,,,,,,
+77400,2218872,20240605150000,+77500,+77600,+77400,,,,,,,
+77500,2508861,20240605140000,+77300,+77600,+77100,,,,,,,
+77300,1412732,20240605130000,+77400,+77400,+77000,,,,,,,
+77300,1523344,20240605120000,+77500,+77500,+77300,,,,,,,
+77400,1762022,20240605110000,+77500,+77500,+77200,,,,,,,
+77500,3140433,20240605100000,+77200,+77600,+77100,,,,,,,
+77200,10443541,20240605090000,+78000,+78000,+76800,,,,,,,
-75300,1742357,20240604150000,-75500,-75600,-75300,,,,,,,
-75500,1753367,20240604140000,+75800,+75900,-75400,,,,,,,
75700,1050021,20240604130000,-75600,+75900,-75500,,,,,,,
-75600,878507,20240604120000,75700,+75800,-75500,,,,,,,
+75800,1027727,20240604110000,75700,+75900,-75500,,,,,,,
75700,2610795,20240604100000,-75200,+76100,-75100,,,,,,,
-75200,3955021,20240604090000,-74900,+75800,-74900,,,,,,,
+75700,1173344,20240603150000,+75700,+75800,+75500,,,,,,,
+75700,1153531,20240603140000,+76000,+76000,+75600,,,,,,,
+76000,800252,20240603130000,+76000,+76200,+75900,,,,,,,
+76000,2091275,20240603120000,+76000,+76400,+75800,,,,,,,
+75900,1391378,20240603110000,+75800,+76100,+75700,,,,,,,
+75800,2891909,20240603100000,+75600,+76100,+75500,,,,,,,
+75600,5998729,20240603090000,+74400,+75700,+74200,,,,,,,
73500,9124014,20240531150000,+73800,+73800,73500,,,,,,,
+73700,2301615,20240531140000,+74100,+74200,+73700,,,,,,,
+74100,1410177,20240531130000,+74100,+74300,+74000,,,,,,,
+74100,1338272,20240531120000,+74300,+74400,+74100,,,,,,,
+74400,1716204,20240531110000,+74200,+74400,+74000,,,,,,,
+74300,2132391,20240531100000,+74100,+74500,+74100,,,,,,,
+74100,5516007,20240531090000,+74500,+74700,+73900,,,,,,,
-73500,3783054,20240530150000,-74000,-74000,-73500,,,,,,,
-74000,4909869,20240530140000,-73600,-74200,-73600,,,,,,,
-73600,5658370,20240530130000,-74300,-74300,-73500,,,,,,,
-74200,1956135,20240530120000,-74300,-74300,-74100,,,,,,,
-74200,1999420,20240530110000,-74500,-74800,-74200,,,,,,,
-74600,2141328,20240530100000,-74400,-74700,-74300,,,,,,,
-74400,7697223,20240530090000,-74800,75200,-74300,,,,,,,
-75200,4568445,20240529150000,-75300,-75700,-75200,,,,,,,
-75400,4539645,20240529140000,-75900,-76000,-75200,,,,,,,
-75900,4037935,20240529130000,-76200,-76200,-75600,,,,,,,
-76100,4153860,20240529120000,-76600,-76700,-75800,,,,,,,
-76600,3701797,20240529110000,+77700,+77700,-76500,,,,,,,
77600,2462850,20240529100000,+77700,+77800,-77200,,,,,,,
77600,6229772,20240529090000,+77700,+78200,-77400,,,,,,,
+77600,1922618,20240528150000,+77900,+78000,+77600,,,,,,,
+77900,2370964,20240528140000,+77700,+77900,+77400,,,,,,,
+77700,1466351,20240528130000,+77800,+77900,+77600,,,,,,,
+77800,1296101,20240528120000,+77800,+77900,+77600,,,,,,,
+77800,1513104,20240528110000,+77800,+77900,+77600,,,,,,,
+77900,3187496,20240528100000,+77400,+77900,+77400,,,,,,,
+77400,6108907,20240528090000,-76500,+77500,-76200,,,,,,,
+77200,5419966,20240527150000,+77800,+78200,+77100,,,,,,,
+77900,8313798,20240527140000,-74700,+78100,-74600,,,,,,,
-74800,3170267,20240527130000,-75000,-75200,-74600,,,,,,,
-75000,2286751,20240527120000,-75000,-75400,-74900,,,,,,,
-75000,5652305,20240527110000,-74200,-75400,-74200,,,,,,,
-74300,7763308,20240527100000,-74800,-74800,-74000,,,,,,,
-74800,10976360,20240527090000,-75300,-75500,-74700,,,,,,,
-75900,3056749,20240524150000,-75900,-76000,-75800,,,,,,,
-76000,3194837,20240524140000,-75900,-76000,-75800,,,,,,,
-75900,2303169,20240524130000,-76000,-76100,-75900,,,,,,,
-76100,2428168,20240524120000,-76300,-76400,-76000,,,,,,,
-76400,1376770,20240524110000,-76400,-76500,-76300,,,,,,,
-76500,2608205,20240524100000,-76700,-76800,-76400,,,,,,,
-76800,12817047,20240524090000,-76800,-77000,-75700,,,,,,,
+78300,2162570,20240523150000,+78600,+78700,+78300,,,,,,,
+78600,1581258,20240523140000,+78700,+78800,+78500,,,,,,,
+78700,2447627,20240523130000,+79000,+79100,+78400,,,,,,,
+78900,2647039,20240523120000,+78300,+79000,+78300,,,,,,,
+78300,3138495,20240523110000,-77400,+78800,-77300,,,,,,,
-77300,1565875,20240523100000,-77300,-77400,-77200,,,,,,,
-77200,5051991,20240523090000,77700,+78100,-77100,,,,,,,
-77700,2047944,20240522150000,-78000,-78000,-77700,,,,,,,
-78000,2591377,20240522140000,-77900,-78100,-77700,,,,,,,
-77900,1816413,20240522130000,-78100,-78200,-77800,,,,,,,
-78100,2681482,20240522120000,78400,+78700,-78100,,,,,,,
-78300,1516291,20240522110000,+78500,+78500,-78100,,,,,,,
78400,3041202,20240522100000,-78000,+78700,-77900,,,,,,,
-77900,5481236,20240522090000,-78100,-78200,-77300,,,,,,,
-78400,1975308,20240521150000,-78200,-78500,-78200,,,,,,,
-78200,1567708,20240521140000,-78400,-78500,-78200,,,,,,,
-78400,1414544,20240521130000,-78400,-78500,-78200,,,,,,,
-78500,866429,20240521120000,-78600,-78700,-78400,,,,,,,
-78600,1568996,20240521110000,-78600,78900,-78400,,,,,,,
-78700,2237840,20240521100000,-78500,+79000,-78500,,,,,,,
-78600,3639701,20240521090000,-78500,-78800,-78200,,,,,,,
+78900,2335917,20240520150000,+78800,+78900,+78400,,,,,,,
+78700,2538110,20240520140000,+78600,+78900,+78500,,,,,,,
+78600,1959031,20240520130000,+78300,+78800,+78200,,,,,,,
+78300,2436070,20240520120000,+78500,+78600,+77900,,,,,,,
+78500,1179243,20240520110000,+78400,+78600,+78300,,,,,,,
+78400,1767829,20240520100000,+78700,+78700,+78300,,,,,,,
+78700,6107530,20240520090000,+78100,+79100,+77900,,,,,,,
-77400,1986926,20240517150000,-77300,-77500,-77300,,,,,,,
-77400,1439312,20240517140000,-77300,-77500,-77300,,,,,,,
-77300,1281428,20240517130000,-77300,-77400,-77200,,,,,,,
-77300,1430054,20240517120000,-77400,-77500,-77300,,,,,,,
-77500,1513864,20240517110000,-77500,-77700,-77400,,,,,,,
-77400,3384532,20240517100000,-78100,-78100,-77400,,,,,,,
-78000,4653279,20240517090000,+78600,+78800,-77900,,,,,,,
-78200,2980813,20240516150000,-78200,+78500,-78100,,,,,,,
78300,1602987,20240516140000,+78400,+78500,-78200,,,,,,,
+78500,1591636,20240516130000,78300,+78500,-78100,,,,,,,
-78200,1360988,20240516120000,+78400,+78500,-78200,,,,,,,
+78400,1608762,20240516110000,+78500,+78600,78300,,,,,,,
+78600,3964190,20240516100000,+79500,+79600,+78400,,,,,,,
+79600,7260413,20240516090000,+80200,+80300,+79200,,,,,,,
-78300,1508918,20240514150000,-78200,-78300,-78100,,,,,,,
-78200,786139,20240514140000,-78300,78400,-78200,,,,,,,
-78200,911623,20240514130000,-78200,-78300,-78000,,,,,,,
-78100,1037303,20240514120000,-78100,-78200,-78000,,,,,,,
-78100,1316281,20240514110000,78400,+78600,-78100,,,,,,,
78400,1769879,20240514100000,-78100,+78500,-78000,,,,,,,
-78100,4102219,20240514090000,+78600,+78800,-77900,,,,,,,
-78400,1902102,20240513150000,-77800,-78400,-77700,,,,,,,
-77800,2080965,20240513140000,-77700,-78100,-77600,,,,,,,
-77700,1418395,20240513130000,-77700,-77800,-77600,,,,,,,
-77800,1322876,20240513120000,-77800,-77900,-77600,,,,,,,
-77700,1936410,20240513110000,-77800,-78000,-77700,,,,,,,
-77800,5198480,20240513100000,-78900,-79000,-77600,,,,,,,
-78900,4723140,20240513090000,+79400,+79900,-78800,,,,,,,
-79200,1629044,20240510150000,-79000,-79200,-79000,,,,,,,
-79000,2187872,20240510140000,-79200,-79500,-79000,,,,,,,
-79100,1459126,20240510130000,-79100,-79300,-79100,,,,,,,
-79200,1210653,20240510120000,-79300,-79400,-79000,,,,,,,
-79300,3344313,20240510110000,79700,+79800,-78900,,,,,,,
79700,2057050,20240510100000,79700,+80000,-79600,,,,,,,
+79800,4845542,20240510090000,+80400,+81100,-79600,,,,,,,
-79700,4851646,20240509150000,-80000,-80100,-79700,,,,,,,
-80000,2538804,20240509140000,-80000,-80200,-79800,,,,,,,
-79900,2162471,20240509130000,-80500,-80500,-79900,,,,,,,
-80400,2580574,20240509120000,-80800,-80900,-80300,,,,,,,
-80800,1499710,20240509110000,81300,81300,-80800,,,,,,,
81300,2327784,20240509100000,+81400,+81500,-80800,,,,,,,
+81400,2736627,20240509090000,-81100,+81500,-80800,,,,,,,
81300,2416146,20240508150000,-81200,+81400,-81100,,,,,,,
-81200,1517355,20240508140000,-81000,+81400,-81000,,,,,,,
-81100,1339991,20240508130000,-80800,-81200,-80800,,,,,,,
-80800,950085,20240508120000,-80900,-81000,-80800,,,,,,,
-80900,958623,20240508110000,-80900,-81100,-80800,,,,,,,
-80900,1691323,20240508100000,-80900,-81200,-80900,,,,,,,
-80900,4069758,20240508090000,-80800,-81200,-80500,,,,,,,
+81300,2696810,20240507150000,+81100,+81300,+80900,,,,,,,
+81100,3363129,20240507140000,+81000,+81200,+80900,,,,,,,
+81000,3156554,20240507130000,+80700,+81000,+80600,,,,,,,
+80600,1353020,20240507120000,+80500,+80800,+80500,,,,,,,
+80500,2085882,20240507110000,+80500,+80600,+80400,,,,,,,
+80500,3236327,20240507100000,+80300,+80600,+80200,,,,,,,
+80400,8887660,20240507090000,+79600,+80400,+79400,,,,,,,
-77600,1681315,20240503150000,-77700,-77800,-77500,,,,,,,
-77700,2469622,20240503140000,+78200,+78300,-77600,,,,,,,
+78300,953182,20240503130000,+78400,+78400,+78100,,,,,,,
+78400,1323844,20240503120000,+78300,+78500,+78200,,,,,,,
+78300,870645,20240503110000,+78300,+78400,+78100,,,,,,,
+78300,1607160,20240503100000,+78300,+78600,+78200,,,,,,,
+78300,4150805,20240503090000,+79000,+79000,78000,,,,,,,
+78000,2303890,20240502150000,+77900,+78100,+77900,,,,,,,
+77900,1484098,20240502140000,+78000,+78200,+77900,,,,,,,
+78100,1662829,20240502130000,+77800,+78200,+77700,,,,,,,
+77800,1654178,20240502120000,+78000,+78200,+77700,,,,,,,
+78000,1721115,20240502110000,+78400,+78500,+77800,,,,,,,
+78400,3717741,20240502100000,+78300,+78600,+78000,,,,,,,
+78300,6121260,20240502090000,+77600,+78300,-77300,,,,,,,
+77500,4207134,20240430150000,+77800,+77900,+77500,,,,,,,
+77900,1833600,20240430140000,+77900,+78100,+77800,,,,,,,
+78000,1379290,20240430130000,+78100,+78200,+77900,,,,,,,
+78000,1231023,20240430120000,+77900,+78100,+77800,,,,,,,
+77900,1432930,20240430110000,+77800,+78100,+77700,,,,,,,
+77800,1909720,20240430100000,+77800,+78100,+77700,,,,,,,
+77800,6825170,20240430090000,+77000,+78500,-76600,,,,,,,
76700,1673134,20240429150000,-76600,+76800,-76500,,,,,,,
-76500,2323898,20240429140000,-76400,+76800,-76200,,,,,,,
-76400,2357029,20240429130000,-76400,+76800,-76300,,,,,,,
-76400,1338605,20240429120000,-76300,-76400,-76200,,,,,,,
-76300,1501990,20240429110000,+76900,+76900,-76300,,,,,,,
+76900,1438359,20240429100000,+76800,+77000,-76500,,,,,,,
+76800,3613978,20240429090000,+77400,+77600,-76600,,,,,,,
+76700,1449015,20240426150000,+76800,+76800,+76700,,,,,,,
+76800,1226342,20240426140000,+76700,+76900,+76500,,,,,,,
+76700,1312913,20240426130000,+76800,+76900,+76500,,,,,,,
+76900,1086696,20240426120000,+77100,+77200,+76800,,,,,,,
+77000,1069410,20240426110000,+77200,+77500,+77000,,,,,,,
+77300,1974481,20240426100000,+77100,+77300,+76800,,,,,,,
+77100,4112434,20240426090000,+77800,+77900,+77000,,,,,,,
-76300,2505931,20240425150000,-76500,-76600,-76300,,,,,,,
-76600,1654050,20240425140000,-76800,-76800,-76500,,,,,,,
-76700,1970264,20240425130000,-76800,-77000,-76600,,,,,,,
-76900,793187,20240425120000,-76800,-77000,-76700,,,,,,,
-76900,1600819,20240425110000,-76800,-77100,-76700,,,,,,,
-76900,2000554,20240425100000,-77300,-77400,-76800,,,,,,,
-77300,4862307,20240425090000,-77300,-77500,-76800,,,,,,,
+78600,2211681,20240424150000,+78300,+78600,+78000,,,,,,,
+78300,2957563,20240424140000,+78600,+78700,+78200,,,,,,,
+78600,1361412,20240424130000,+78500,+78700,+78400,,,,,,,
+78400,2396570,20240424120000,+78500,+78800,+78300,,,,,,,
+78400,2203176,20240424110000,+78100,+78500,+78000,,,,,,,
+78200,2593320,20240424100000,+77800,+78200,+77800,,,,,,,
+77800,8080788,20240424090000,+77500,+78300,+77200,,,,,,,
-75500,2858871,20240423150000,-75800,-75800,-75500,,,,,,,
-75800,1963466,20240423140000,-75900,-76000,-75600,,,,,,,
-75800,1573891,20240423130000,-75900,+76200,-75700,,,,,,,
-75800,2352623,20240423120000,76100,+76300,-75800,,,,,,,
76100,806146,20240423110000,76100,+76300,-76000,,,,,,,
+76200,2255777,20240423100000,+76600,+76700,-76000,,,,,,,
+76600,6227489,20240423090000,+76400,+76800,76100,,,,,,,
-76100,3126161,20240422150000,-76000,-76400,-75900,,,,,,,
-76000,5421066,20240422140000,-75600,-76000,-75100,,,,,,,
-75700,3014786,20240422130000,-75700,-75900,-75500,,,,,,,
-75700,2143490,20240422120000,-75700,-75900,-75500,,,,,,,
-75800,4455325,20240422110000,-76200,-76200,-75500,,,,,,,
-76200,3522596,20240422100000,-76400,-76900,-76100,,,,,,,
-76400,8488323,20240422090000,-77400,-77500,-76300,,,,,,,
-77600,2371634,20240419150000,-77600,-77600,-77400,,,,,,,
-77600,2139441,20240419140000,-77700,-77900,-77400,,,,,,,
-77700,3487538,20240419130000,-77100,-77800,-77000,,,,,,,
-77000,2796323,20240419120000,-76600,-77200,-76600,,,,,,,
-76600,4925310,20240419110000,-77100,-77100,-76300,,,,,,,
-77000,5357364,20240419100000,-77400,-77700,-76900,,,,,,,
-77400,10117521,20240419090000,-78300,-78700,-77300,,,,,,,
+79600,2682181,20240418150000,+79700,+80100,+79500,,,,,,,
+79700,2532147,20240418140000,+79500,+80000,+79400,,,,,,,
+79400,1739196,20240418130000,+79300,+79700,+79100,,,,,,,
+79300,1741541,20240418120000,+79900,+79900,+79300,,,,,,,
+79900,2041175,20240418110000,+79800,+80000,+79500,,,,,,,
+79700,2388039,20240418100000,+79200,+79800,+79100,,,,,,,
+79200,6673588,20240418090000,-78800,+79500,-78300,,,,,,,
-78900,2724584,20240417150000,-79100,-79200,-78900,,,,,,,
-79100,3522139,20240417140000,+80100,+80200,-79000,,,,,,,
+80200,2553655,20240417130000,-79300,+80200,-79300,,,,,,,
-79400,1717555,20240417120000,-79400,-79700,-79300,,,,,,,
-79500,1347389,20240417110000,-79400,-79600,-79100,,,,,,,
-79500,4698848,20240417100000,80000,80000,-78900,,,,,,,
80000,5694405,20240417090000,+80700,+80800,-79900,,,,,,,
-80000,2163288,20240416150000,-80300,-80300,-80000,,,,,,,
-80300,3558247,20240416140000,-79900,-80400,-79600,,,,,,,
-79800,1713486,20240416130000,-79900,-80000,-79800,,,,,,,
-79900,2234163,20240416120000,-79900,-80000,-79600,,,,,,,
-79900,4427817,20240416110000,-79800,-80000,-79400,,,,,,,
-79900,6284885,20240416100000,-80300,-80400,-79700,,,,,,,
-80400,10619896,20240416090000,-81200,-81300,-80100,,,,,,,
-82200,1848335,20240415150000,-82400,-82500,-82200,,,,,,,
-82400,2887841,20240415140000,-81900,-82500,-81700,,,,,,,
-81800,2369686,20240415130000,-81400,-81900,-81300,,,,,,,
-81400,2286684,20240415120000,-81400,-81700,-81200,,,,,,,
-81400,2037001,20240415110000,-81700,-81900,-81400,,,,,,,
-81800,4625382,20240415100000,-81900,-82000,-81400,,,,,,,
-81900,10050560,20240415090000,-82900,-83200,-81800,,,,,,,
-83700,2694926,20240412150000,-83300,-83700,-83200,,,,,,,
-83300,2085196,20240412140000,-83400,-83500,-83200,,,,,,,
-83500,1264229,20240412130000,-83600,-83600,-83400,,,,,,,
-83600,1471486,20240412120000,-83800,-83900,-83500,,,,,,,
-83800,1176234,20240412110000,-84000,84100,-83800,,,,,,,
-84000,1524887,20240412100000,84100,+84300,-83800,,,,,,,
+84200,6746485,20240412090000,+84700,+84900,-83600,,,,,,,
+84100,5407633,20240411150000,+84400,+84500,+84000,,,,,,,
+84500,2901782,20240411140000,+84300,+84700,+84200,,,,,,,
+84200,1620243,20240411130000,+84200,+84500,+84100,,,,,,,
+84200,1784241,20240411120000,+84200,+84300,+84000,,,,,,,
+84200,1703326,20240411110000,+84200,+84400,+84100,,,,,,,
+84200,3568398,20240411100000,-83100,+84300,-83000,,,,,,,
-83100,8350666,20240411090000,-83200,-83400,-82500,,,,,,,
-83600,1486560,20240409150000,-83500,-83800,-83400,,,,,,,
-83500,2373927,20240409140000,-83700,-83900,-83200,,,,,,,
-83700,1523606,20240409130000,-83800,-83900,-83500,,,,,,,
-83800,1689435,20240409120000,-83200,-83800,-83100,,,,,,,
-83300,2992774,20240409110000,-83800,-83900,-83100,,,,,,,
-83800,2491400,20240409100000,-84300,-84400,-83800,,,,,,,
-84300,5771531,20240409090000,84500,+84900,-84000,,,,,,,
84500,1678107,20240408150000,+84900,+85000,84500,,,,,,,
+84900,2034947,20240408140000,+84700,+85000,84500,,,,,,,
+84700,1689767,20240408130000,+84700,+84800,84500,,,,,,,
+84600,1311830,20240408120000,+84700,+85000,+84600,,,,,,,
+84700,1784095,20240408110000,+85300,+85500,+84700,,,,,,,
+85300,2240130,20240408100000,+85800,+85800,+85200,,,,,,,
+85700,7765287,20240408090000,+85200,+86000,+85000,,,,,,,
-84500,1625476,20240405150000,-84400,-84500,-84300,,,,,,,
-84400,1400788,20240405140000,-84100,-84400,-84000,,,,,,,
-84100,1295640,20240405130000,-84400,-84500,-84000,,,,,,,
-84400,1052831,20240405120000,-84300,-84500,-84100,,,,,,,
-84200,1731887,20240405110000,-83900,-84300,-83900,,,,,,,
-84000,3548677,20240405100000,-84700,-84800,-83800,,,,,,,
-84700,8063043,20240405090000,-84500,-85000,-83800,,,,,,,
+85300,2889861,20240404150000,+85000,+85300,+85000,,,,,,,
+85100,1731276,20240404140000,+85000,+85100,+84900,,,,,,,
+85000,2129845,20240404130000,+84900,+85300,+84900,,,,,,,
+84900,1820125,20240404120000,+84800,+85100,+84800,,,,,,,
+84800,1906638,20240404110000,+84300,+85000,+84300,,,,,,,
+84300,5147434,20240404100000,+85200,+85300,+84300,,,,,,,
+85300,9183388,20240404090000,+85200,+85500,+84800,,,,,,,
-84100,2746838,20240403150000,-84100,-84500,-84000,,,,,,,
-84100,2817988,20240403140000,-84700,-84800,-84000,,,,,,,
-84800,3778720,20240403130000,-84600,85000,-84500,,,,,,,
-84500,1859225,20240403120000,-84200,-84700,-84100,,,,,,,
-84200,2237807,20240403110000,-84300,-84300,-83800,,,,,,,
-84200,5145733,20240403100000,-84000,-84400,-83500,,,,,,,
-84000,11543018,20240403090000,-84300,85000,-83800,,,,,,,
+85000,4020774,20240402150000,+84900,+85000,+84800,,,,,,,
+84800,4055428,20240402140000,+84700,+84900,+84700,,,,,,,
+84800,2870239,20240402130000,+84800,+84900,+84600,,,,,,,
+84700,2534733,20240402120000,+84900,+84900,+84400,,,,,,,
+84800,4461272,20240402110000,+84600,+85000,+84500,,,,,,,
+84500,8893883,20240402100000,+83700,+84700,+83600,,,,,,,
+83700,9974967,20240402090000,+82900,+83900,+82900,,,,,,,
-82000,1170314,20240401150000,-82100,-82300,-82000,,,,,,,
-82100,2771018,20240401140000,+82700,+82700,-82100,,,,,,,
+82700,1827866,20240401130000,+82800,+82900,+82500,,,,,,,
+82800,1566204,20240401120000,+82700,+82800,+82500,,,,,,,
+82700,1804594,20240401110000,+82700,+82800,+82500,,,,,,,
+82700,2281262,20240401100000,+82500,+82800,-82300,,,,,,,
82400,8616851,20240401090000,+83200,+83300,-82000,,,,,,,
+82400,2060061,20240329150000,+82400,+82500,+82300,,,,,,,
+82500,3065113,20240329140000,+82300,+82500,+82200,,,,,,,
+82300,1474880,20240329130000,+82200,+82300,+82100,,,,,,,
+82300,2667910,20240329120000,+82500,+82500,+82100,,,,,,,
+82500,3501849,20240329110000,+82200,+82500,+82100,,,,,,,
+82200,2706280,20240329100000,+81800,+82200,+81700,,,,,,,
+81900,11368963,20240329090000,+81200,+82300,+80900,,,,,,,
+80800,2805388,20240328150000,+80800,+80900,+80800,,,,,,,
+80800,2550915,20240328140000,+80900,+80900,+80700,,,,,,,
+80800,5057516,20240328130000,+80500,+81000,+80400,,,,,,,
+80400,3483090,20240328120000,+80100,+80500,+80100,,,,,,,
+80100,1783650,20240328110000,+80000,+80200,+79900,,,,,,,
+80000,2069265,20240328100000,+79900,+80000,-79600,,,,,,,
79800,7094395,20240328090000,-79400,+80300,-79200,,,,,,,
-79800,1888181,20240327150000,-79500,-79800,-79500,,,,,,,
-79500,3108134,20240327140000,-79700,-79700,-79400,,,,,,,
-79600,1295998,20240327130000,-79600,-79700,-79500,,,,,,,
-79500,1149374,20240327120000,-79600,-79700,-79500,,,,,,,
-79700,1395712,20240327110000,-79800,-79800,-79500,,,,,,,
-79700,2315366,20240327100000,-79700,79900,-79500,,,,,,,
-79700,6054163,20240327090000,-79200,+80000,-79200,,,,,,,
+79900,3580783,20240326150000,+79800,+79900,+79500,,,,,,,
+79700,2629752,20240326140000,+79700,+79900,+79600,,,,,,,
+79800,1656352,20240326130000,+79600,+79800,+79400,,,,,,,
+79500,2047774,20240326120000,+79800,+79900,+79500,,,,,,,
+79800,2207263,20240326110000,+79800,+80000,+79800,,,,,,,
+79800,9426926,20240326100000,+79600,+80100,+79500,,,,,,,
+79500,8434055,20240326090000,+79700,+79700,+79200,,,,,,,
-78200,1886709,20240325150000,-78200,-78600,-78200,,,,,,,
-78200,1997289,20240325140000,-78000,-78600,-77900,,,,,,,
-78100,3195878,20240325130000,-78300,-78400,-77800,,,,,,,
-78300,1589341,20240325120000,-78600,-78700,-78300,,,,,,,
-78600,996017,20240325110000,-78700,78900,-78600,,,,,,,
-78800,2396321,20240325100000,-78800,78900,-78600,,,,,,,
-78800,6557780,20240325090000,+79600,+79800,-78800,,,,,,,
-78900,1692282,20240322150000,-78800,-79000,-78700,,,,,,,
-78900,1979244,20240322140000,-78600,-79000,-78600,,,,,,,
-78600,3382923,20240322130000,-78000,-79000,-77900,,,,,,,
-78000,1442451,20240322120000,-78000,-78100,-77800,,,,,,,
-78000,3386619,20240322110000,-78300,-78400,-77900,,,,,,,
-78300,3483458,20240322100000,-78800,-79000,-78300,,,,,,,
-78900,11213510,20240322090000,+79600,+79900,-78400,,,,,,,
+79300,3686902,20240321150000,+79100,+79300,+79000,,,,,,,
+79200,5875199,20240321140000,+79100,+79200,+78900,,,,,,,
+79000,3734626,20240321130000,+78800,+79100,+78800,,,,,,,
+78800,3489104,20240321120000,+79000,+79000,+78600,,,,,,,
+79000,6725232,20240321110000,+78600,+79100,+78500,,,,,,,
+78700,4719252,20240321100000,+77900,+78700,+77700,,,,,,,
+77900,16127647,20240321090000,+79200,+79200,+77700,,,,,,,
+76900,3643300,20240320150000,+76900,+77000,+76800,,,,,,,
+77000,4050161,20240320140000,+76700,+77000,+76600,,,,,,,
+76600,5625305,20240320130000,+76400,+76900,+76200,,,,,,,
+76300,3675642,20240320120000,+76600,+76700,+76200,,,,,,,
+76600,11279664,20240320110000,+76200,+77200,+75900,,,,,,,
+76100,15742988,20240320100000,+73900,+76200,+73800,,,,,,,
+73800,5735344,20240320090000,+73700,+73900,+73400,,,,,,,
72800,1949480,20240319150000,+73000,+73000,-72700,,,,,,,
+73000,2122627,20240319140000,-72200,+73000,-72000,,,,,,,
-72100,1370369,20240319130000,-71900,-72200,-71800,,,,,,,
-71900,1953229,20240319120000,-72000,-72000,-71800,,,,,,,
-72000,1008345,20240319110000,-71800,-72000,-71800,,,,,,,
-71900,1363238,20240319100000,-72000,-72000,-71800,,,,,,,
-72000,5521779,20240319090000,-72300,-72400,-71700,,,,,,,
+72800,1565514,20240318150000,+72900,+72900,+72800,,,,,,,
+72800,1859321,20240318140000,+72700,+73000,+72700,,,,,,,
+72700,1476135,20240318130000,+72700,+72900,+72600,,,,,,,
+72700,858394,20240318120000,+72600,+72800,+72600,,,,,,,
+72700,1259625,20240318110000,+72700,+72700,+72500,,,,,,,
+72600,1165637,20240318100000,+72800,+72800,+72600,,,,,,,
+72800,3268524,20240318090000,+72600,+72900,+72500,,,,,,,
-72300,6327497,20240315150000,-72800,-72900,-72300,,,,,,,
-72800,2021837,20240315140000,-72800,-72900,-72700,,,,,,,
-72900,1925750,20240315130000,-73100,-73100,-72800,,,,,,,
-73000,1315030,20240315120000,-73000,-73100,-72900,,,,,,,
-73100,1519720,20240315110000,-73200,-73300,-73000,,,,,,,
-73300,2618355,20240315100000,-73500,-73700,-73100,,,,,,,
-73600,6367901,20240315090000,-73400,-73700,-72900,,,,,,,
+74300,6800755,20240314150000,+74200,+74300,-74000,,,,,,,
74100,1708158,20240314140000,+74200,+74300,74100,,,,,,,
74100,1804318,20240314130000,+74200,+74300,-74000,,,,,,,
74100,1245389,20240314120000,+74400,+74400,-74000,,,,,,,
+74400,2143959,20240314110000,74100,+74400,-74000,,,,,,,
74100,2130713,20240314100000,-73800,+74200,-73700,,,,,,,
-73900,5443936,20240314090000,+74400,+74500,-73600,,,,,,,
+74100,2304878,20240313150000,+73900,+74100,+73900,,,,,,,
+74000,1482998,20240313140000,+73800,+74000,+73800,,,,,,,
+73800,1648163,20240313130000,+73900,+74000,+73700,,,,,,,
+73900,1967933,20240313120000,+74000,+74000,+73700,,,,,,,
+74000,1086587,20240313110000,+73800,+74000,+73700,,,,,,,
+73700,2109540,20240313100000,+73800,+74000,+73600,,,,,,,
+73900,4551928,20240313090000,+73700,+74100,+73500,,,,,,,
+73300,1650392,20240312150000,+73400,+73500,+73200,,,,,,,
+73400,2705418,20240312140000,+72800,+73400,+72800,,,,,,,
+72800,949732,20240312130000,+72800,+72900,+72700,,,,,,,
+72800,1154755,20240312120000,+72800,+72900,+72700,,,,,,,
+72800,1463883,20240312110000,+72500,+72900,72400,,,,,,,
+72500,1771693,20240312100000,-72300,+72500,-72200,,,,,,,
-72300,3251784,20240312090000,+72600,+72700,-72100,,,,,,,
-72400,1417600,20240311150000,-72400,-72500,-72300,,,,,,,
-72400,1682854,20240311140000,-72600,-72600,-72400,,,,,,,
-72600,1138505,20240311130000,-72700,-72800,-72500,,,,,,,
-72700,826921,20240311120000,-72800,-72900,-72700,,,,,,,
-72900,344196,20240311110000,-72900,-72900,-72800,,,,,,,
-72800,1171456,20240311100000,-72800,-73000,-72700,,,,,,,
-72700,3124819,20240311090000,-72900,-73100,-72500,,,,,,,
+73300,2269754,20240308150000,+73100,+73300,+72900,,,,,,,
+73000,1901928,20240308140000,+72900,+73200,+72800,,,,,,,
+72800,1844041,20240308130000,+72700,+73100,+72700,,,,,,,
+72700,909447,20240308120000,+72800,+72900,+72600,,,,,,,
+72800,1533751,20240308110000,+72900,+73100,+72800,,,,,,,
+73000,2903291,20240308100000,+72900,+73200,+72800,,,,,,,
+72900,6708526,20240308090000,+72800,+73400,+72700,,,,,,,
-72200,1732681,20240307150000,-72300,-72400,-72200,,,,,,,
-72400,2484180,20240307140000,-72500,-72600,-72200,,,,,,,
-72500,926688,20240307130000,-72600,-72600,-72500,,,,,,,
-72600,1225196,20240307120000,-72600,-72700,-72500,,,,,,,
-72600,1989583,20240307110000,-72800,+73000,-72500,,,,,,,
-72800,2132433,20240307100000,+73000,+73100,-72700,,,,,,,
+73000,3891496,20240307090000,+73100,+73300,-72600,,,,,,,
-72900,2102955,20240306150000,-72800,-72900,-72700,,,,,,,
-72800,2153403,20240306140000,-72800,-73000,-72700,,,,,,,
-72900,1189595,20240306130000,-72800,-73000,-72800,,,,,,,
-72800,1311492,20240306120000,-72800,-72900,-72700,,,,,,,
-72800,1641192,20240306110000,-72900,-73000,-72700,,,,,,,
-72800,2422145,20240306100000,-73000,-73000,-72700,,,,,,,
-73000,5266730,20240306090000,-73200,-73500,-72800,,,,,,,
-73700,2186453,20240305150000,-74000,-74000,-73700,,,,,,,
-73900,2298246,20240305140000,-74200,-74400,-73900,,,,,,,
-74200,2038724,20240305130000,-73900,-74300,-73900,,,,,,,
-73900,1599175,20240305120000,-74000,-74200,-73900,,,,,,,
-73900,1645528,20240305110000,-74200,-74200,-73900,,,,,,,
-74200,2261152,20240305100000,-74400,-74400,-74000,,,,,,,
-74300,6354799,20240305090000,-74600,-74800,-74100,,,,,,,
+74900,2124185,20240304150000,+74800,+74900,+74700,,,,,,,
+74800,2158354,20240304140000,+74800,+74900,+74700,,,,,,,
+74800,1688479,20240304130000,+74700,+74800,+74600,,,,,,,
+74600,1336337,20240304120000,+74500,+74700,+74300,,,,,,,
+74400,1726794,20240304110000,+74300,+74700,+74100,,,,,,,
+74300,3486016,20240304100000,+74700,+74700,+74100,,,,,,,
+74600,10153418,20240304090000,+74300,+75000,+74000,,,,,,,
+73400,7305359,20240229150000,-72900,+73400,-72800,,,,,,,
-72800,1460068,20240229140000,-73000,-73100,-72800,,,,,,,
-73000,1513307,20240229130000,-73100,+73300,-73000,,,,,,,
-73000,1391744,20240229120000,-72900,73200,-72600,,,,,,,
-72800,1965250,20240229110000,-72600,-73000,-72500,,,,,,,
-72600,1343357,20240229100000,-72400,-72600,-72300,,,,,,,
-72300,5469698,20240229090000,-72600,-72900,-72000,,,,,,,
+73200,1146617,20240228150000,+73300,+73400,+73200,,,,,,,
+73300,1186424,20240228140000,+73200,+73500,+73200,,,,,,,
+73200,1657349,20240228130000,+73600,+73700,+73200,,,,,,,
+73700,1186566,20240228120000,+73800,+73800,+73500,,,,,,,
+73800,814820,20240228110000,+73800,+73800,+73600,,,,,,,
+73800,2381869,20240228100000,+73600,+73900,+73400,,,,,,,
+73500,3259764,20240228090000,72900,+73700,-72800,,,,,,,
+72900,1706654,20240227150000,+72900,+73000,72800,,,,,,,
+73000,1528654,20240227140000,72800,+73000,-72700,,,,,,,
72800,1159412,20240227130000,+73000,+73000,72800,,,,,,,
+73000,2082878,20240227120000,+73100,+73100,-72700,,,,,,,
+73000,2504186,20240227110000,+73000,+73400,+72900,,,,,,,
+73100,1001320,20240227100000,+73000,+73200,+73000,,,,,,,
+73000,3025749,20240227090000,+73100,+73200,72800,,,,,,,
-72800,1487138,20240226150000,-72800,+73100,-72800,,,,,,,
-72800,1640398,20240226140000,+73100,+73100,-72700,,,,,,,
+73100,2446405,20240226130000,-72700,+73100,-72500,,,,,,,
-72700,1174623,20240226120000,-72700,72900,-72600,,,,,,,
-72800,1566857,20240226110000,72900,+73100,-72700,,,,,,,
72900,1570932,20240226100000,-72700,+73000,-72500,,,,,,,
-72700,4625263,20240226090000,-72300,+73200,-72200,,,,,,,
-72900,1248028,20240223150000,-73000,73100,-72900,,,,,,,
73100,2112577,20240223140000,+73200,+73200,-73000,,,,,,,
+73200,649141,20240223130000,+73200,+73200,73100,,,,,,,
+73200,1099232,20240223120000,+73200,+73300,73100,,,,,,,
+73200,1069382,20240223110000,+73200,+73400,73100,,,,,,,
+73300,1680565,20240223100000,+73300,+73400,73100,,,,,,,
+73300,8140528,20240223090000,+73600,+74200,73100,,,,,,,
+73100,1912779,20240222150000,73000,+73200,-72900,,,,,,,
+73100,2954769,20240222140000,-72700,+73100,-72700,,,,,,,
-72800,2535025,20240222130000,-72900,73000,-72700,,,,,,,
73000,1150775,20240222120000,73000,+73100,-72900,,,,,,,
+73100,1313576,20240222110000,73000,+73100,-72900,,,,,,,
73000,1493921,20240222100000,+73500,+73600,73000,,,,,,,
+73500,3690434,20240222090000,+73800,+73900,+73100,,,,,,,
-73000,1927021,20240221150000,-72900,-73200,-72900,,,,,,,
-73000,1279423,20240221140000,-73000,-73100,-72900,,,,,,,
-73100,799048,20240221130000,-73000,-73200,-73000,,,,,,,
-73000,491331,20240221120000,-73200,-73200,-73000,,,,,,,
-73100,941583,20240221110000,+73400,+73500,-73000,,,,,,,
+73400,1995544,20240221100000,-73100,+73500,-72900,,,,,,,
-73000,3877088,20240221090000,+73400,+73700,-73000,,,,,,,
-73300,2133596,20240220150000,-73100,-73300,-73100,,,,,,,
-73200,1957173,20240220140000,-73000,-73200,-72900,,,,,,,
-73000,2028676,20240220130000,-72900,-73200,-72900,,,,,,,
-73000,588955,20240220120000,-72900,-73000,-72900,,,,,,,
-73000,1334177,20240220110000,-72900,-73000,-72800,,,,,,,
-72900,2128440,20240220100000,-73200,-73400,-72800,,,,,,,
-73200,3416385,20240220090000,-73700,-73700,-73200,,,,,,,
+73800,1029410,20240219150000,+73800,+73900,+73700,,,,,,,
+73800,1698330,20240219140000,+73700,+73900,+73600,,,,,,,
+73700,1459014,20240219130000,+73600,+73900,+73600,,,,,,,
+73600,1061998,20240219120000,+73500,+73800,+73500,,,,,,,
+73500,1139675,20240219110000,+73600,+73700,+73400,,,,,,,
+73600,2238055,20240219100000,+73600,+73900,+73500,,,,,,,
+73600,3529803,20240219090000,72800,+73700,72800,,,,,,,
-72800,1497234,20240216150000,-72800,-72900,-72800,,,,,,,
-72900,1759355,20240216140000,-72700,73000,-72700,,,,,,,
-72800,1137043,20240216130000,-72800,-72900,-72700,,,,,,,
-72900,1013325,20240216120000,-72700,-72900,-72700,,,,,,,
-72800,901231,20240216110000,-72800,73000,-72700,,,,,,,
-72800,1873407,20240216100000,-72700,-72900,-72600,,,,,,,
-72800,5030453,20240216090000,+73300,+73400,-72500,,,,,,,
-73000,2152502,20240215150000,-73100,-73200,-73000,,,,,,,
-73100,1441693,20240215140000,-73100,-73300,-73100,,,,,,,
-73100,1839843,20240215130000,-73300,-73400,-73100,,,,,,,
-73300,1393789,20240215120000,-73200,-73600,-73200,,,,,,,
-73300,1198201,20240215110000,-73200,-73400,-73200,,,,,,,
-73300,3156109,20240215100000,-73800,-73900,-73200,,,,,,,
-73800,2883624,20240215090000,+74200,+74400,-73700,,,,,,,
-74000,1907409,20240214150000,-74000,-74200,-74000,,,,,,,
-74000,1040313,20240214140000,-74200,-74200,-74000,,,,,,,
-74100,832820,20240214130000,-74000,-74200,-73900,,,,,,,
-74000,843444,20240214120000,-73900,-74100,-73900,,,,,,,
-73900,1158978,20240214110000,-73900,-74200,-73800,,,,,,,
-73800,1674175,20240214100000,-74000,-74100,-73800,,,,,,,
-74000,4746630,20240214090000,-73700,-74300,-73700,,,,,,,
+75200,1772120,20240213150000,+74900,+75200,+74900,,,,,,,
+75000,2336175,20240213140000,+75000,+75100,+74900,,,,,,,
+74900,2008401,20240213130000,+74900,+75000,+74800,,,,,,,
+74900,1415508,20240213120000,+75000,+75000,+74800,,,,,,,
+75000,1731566,20240213110000,+75100,+75100,+74700,,,,,,,
+75000,2844575,20240213100000,+75000,+75200,+74900,,,,,,,
+75100,8399644,20240213090000,+74800,+75200,+74400,,,,,,,
-74100,3451814,20240208150000,-73800,-74100,-73700,,,,,,,
-73900,3048443,20240208140000,-73700,-74100,-73700,,,,,,,
-73800,2894990,20240208130000,-73900,-74100,-73600,,,,,,,
-74000,3885610,20240208120000,-74500,-74600,-73800,,,,,,,
-74500,1915047,20240208110000,-74700,-74900,-74500,,,,,,,
-74800,2160198,20240208100000,-74900,75000,-74600,,,,,,,
-74900,2890559,20240208090000,75000,+75200,-74800,,,,,,,
+75000,1225594,20240207150000,+74800,+75100,+74800,,,,,,,
+74800,1666661,20240207140000,+74500,+74900,+74500,,,,,,,
+74500,2073734,20240207130000,+74500,+74700,-74300,,,,,,,
+74500,1520705,20240207120000,+75000,+75100,+74500,,,,,,,
+75100,1937058,20240207110000,+75000,+75300,+74700,,,,,,,
+75000,3507444,20240207100000,+75200,+75500,+75000,,,,,,,
+75200,4587852,20240207090000,+74600,+75400,74400,,,,,,,
+74400,1560105,20240206150000,-74200,+74400,-74100,,,,,,,
-74200,2176224,20240206140000,+74500,+74700,-74100,,,,,,,
+74500,1049990,20240206130000,+74400,+74600,+74400,,,,,,,
+74400,1516745,20240206120000,-74000,+74600,-74000,,,,,,,
-74000,1282937,20240206110000,-73700,-74200,-73700,,,,,,,
-73700,1755726,20240206100000,-73300,-73900,-73300,,,,,,,
-73300,4601900,20240206090000,74300,+74700,-73300,,,,,,,
-74300,1734763,20240205150000,-74300,-74500,-74100,,,,,,,
-74200,2429415,20240205140000,-73900,-74400,-73800,,,,,,,
-73800,1567887,20240205130000,-74100,-74100,-73700,,,,,,,
-74000,1466539,20240205120000,-73900,-74200,-73900,,,,,,,
-73900,2145945,20240205110000,-73800,-74000,-73700,,,,,,,
-73900,2849072,20240205100000,-73700,-73900,-73500,,,,,,,
-73700,6693259,20240205090000,-74200,-74800,-73500,,,,,,,
+75200,2682148,20240202150000,+74900,+75200,+74800,,,,,,,
+75000,1852018,20240202140000,+74600,+75000,+74600,,,,,,,
+74700,989533,20240202130000,+74700,+74700,+74400,,,,,,,
+74700,1526950,20240202120000,+74600,+74800,+74400,,,,,,,
+74600,1621741,20240202110000,+74800,+74900,+74400,,,,,,,
+74800,1915136,20240202100000,+74800,+74900,+74600,,,,,,,
+74800,4262182,20240202090000,+74000,+74900,+73700,,,,,,,
+73600,2941668,20240201150000,+73100,+73700,+73100,,,,,,,
+73100,1744994,20240201140000,+73100,+73400,+73000,,,,,,,
+73100,2396471,20240201130000,+73500,+73500,+73000,,,,,,,
+73400,1725298,20240201120000,+73800,+73900,+73400,,,,,,,
+73800,1384312,20240201110000,+73700,+74000,+73600,,,,,,,
+73600,2155889,20240201100000,+74100,+74200,+73400,,,,,,,
+74000,7402108,20240201090000,+73000,+74200,+72900,,,,,,,
-72700,2709821,20240131150000,-72700,-72800,-72500,,,,,,,
-72600,2688853,20240131140000,-72900,-73000,-72600,,,,,,,
-72900,1458649,20240131130000,-73300,-73300,-72900,,,,,,,
-73200,1416994,20240131120000,-73300,-73400,-73000,,,,,,,
-73300,1519201,20240131110000,-73400,-73600,-73200,,,,,,,
-73400,1892496,20240131100000,-73700,-73800,-73300,,,,,,,
-73700,3206438,20240131090000,-73400,-74000,-73400,,,,,,,
-74300,1272897,20240130150000,-74200,74400,-74200,,,,,,,
-74200,1409101,20240130140000,-73900,+74500,-73800,,,,,,,
-73800,877997,20240130130000,-73800,-74000,-73700,,,,,,,
-73800,779026,20240130120000,-73800,-74100,-73800,,,,,,,
-73900,1611591,20240130110000,-74300,74400,-73800,,,,,,,
-74300,1580998,20240130100000,-74300,+74600,-74200,,,,,,,
-74300,4509963,20240130090000,+75000,+75300,-74200,,,,,,,
+74400,2357444,20240129150000,+75100,+75200,+74400,,,,,,,
+75000,2383185,20240129140000,+74900,+75100,+74700,,,,,,,
+74900,1560984,20240129130000,+74600,+74900,+74500,,,,,,,
+74500,1023646,20240129120000,+74500,+74700,+74300,,,,,,,
+74500,1199887,20240129110000,+74500,+74600,+74400,,,,,,,
+74500,2462674,20240129100000,+74100,+74800,+74000,,,,,,,
+74100,2874527,20240129090000,+73800,+74200,+73500,,,,,,,
-73400,1311275,20240126150000,-73700,-73800,-73400,,,,,,,
-73700,1154930,20240126140000,-73700,-73900,-73700,,,,,,,
-73700,1267682,20240126130000,74100,+74200,-73700,,,,,,,
+74200,654446,20240126120000,-74000,+74300,-74000,,,,,,,
-74000,1467734,20240126110000,+74200,+74500,-74000,,,,,,,
74100,1675566,20240126100000,-73800,+74300,-73800,,,,,,,
-73800,3443846,20240126090000,-73700,-74000,-73300,,,,,,,
+74100,1433094,20240125150000,-73900,+74100,-73700,,,,,,,
-73900,1578362,20240125140000,+74100,+74200,-73800,,,,,,,
+74100,874434,20240125130000,+74100,+74200,-73900,,,,,,,
+74100,899098,20240125120000,74000,+74100,-73800,,,,,,,
74000,1402439,20240125110000,+74100,+74300,-73700,,,,,,,
+74100,1523042,20240125100000,+74500,+74800,74000,,,,,,,
+74500,2949000,20240125090000,+74200,+74600,74000,,,,,,,
-74000,1495314,20240124150000,-73900,-74000,-73800,,,,,,,
-73900,1409720,20240124140000,-73700,-74100,-73600,,,,,,,
-73800,736322,20240124130000,-73700,-73800,-73600,,,,,,,
-73600,944216,20240124120000,-73700,-73800,-73600,,,,,,,
-73700,1375114,20240124110000,-73600,-73800,-73500,,,,,,,
-73600,1547776,20240124100000,-73800,-74000,-73600,,,,,,,
-73800,5182739,20240124090000,75200,75200,-73500,,,,,,,
+75200,1653033,20240123150000,+75200,+75300,75100,,,,,,,
+75200,1626439,20240123140000,-75000,+75400,-75000,,,,,,,
75100,703135,20240123130000,75100,+75200,-75000,,,,,,,
75100,1034096,20240123120000,-75000,+75200,-74800,,,,,,,
-75000,1399022,20240123110000,-74900,+75300,-74800,,,,,,,
-74900,1665442,20240123100000,-74800,75100,-74500,,,,,,,
-74800,6640679,20240123090000,+75700,+75800,-74300,,,,,,,
+75100,2091058,20240122150000,+75300,+75400,+75100,,,,,,,
+75400,1816575,20240122140000,+75300,+75600,+75200,,,,,,,
+75300,1493212,20240122130000,+75400,+75600,+75200,,,,,,,
+75400,1393436,20240122120000,+75600,+75600,+75300,,,,,,,
+75500,2059788,20240122110000,+75400,+75700,+75200,,,,,,,
+75300,3096545,20240122100000,+75700,+75900,+75100,,,,,,,
+75800,7668593,20240122090000,+75900,+76000,+75000,,,,,,,
+74700,3494670,20240119150000,+74400,+74700,+74300,,,,,,,
+74300,2416037,20240119140000,+74200,+74400,+73800,,,,,,,
+74200,2896235,20240119130000,+74200,+74500,+74100,,,,,,,
+74200,1638241,20240119120000,+74100,+74200,+74000,,,,,,,
+74100,2006908,20240119110000,+73900,+74200,+73800,,,,,,,
+74000,3180267,20240119100000,+73900,+74200,+73700,,,,,,,
+73900,7566074,20240119090000,+73500,+73900,+73000,,,,,,,
+71700,2999608,20240118150000,+71500,+72000,+71400,,,,,,,
+71400,1624558,20240118140000,+71200,+71500,+71100,,,,,,,
+71200,1691301,20240118130000,+71500,+71600,+71100,,,,,,,
+71500,1191012,20240118120000,+71300,+71600,+71300,,,,,,,
+71300,1817117,20240118110000,+71400,+71800,+71300,,,,,,,
+71500,2162782,20240118100000,+71100,+71500,71000,,,,,,,
+71100,6157119,20240118090000,+71600,+71700,-70700,,,,,,,
-71000,2367058,20240117150000,-71200,-71400,-71000,,,,,,,
-71200,3042860,20240117140000,-71500,-71500,-71000,,,,,,,
-71400,2307223,20240117130000,-71200,-71600,-71100,,,,,,,
-71200,2288998,20240117120000,-71200,-71500,-71100,,,,,,,
-71200,2622487,20240117110000,-71600,-71700,-71200,,,,,,,
-71500,4393751,20240117100000,-72300,-72400,-71500,,,,,,,
-72300,5019536,20240117090000,+73100,+73300,-72300,,,,,,,
-72600,2543295,20240116150000,-72500,-72700,-72500,,,,,,,
-72600,1887980,20240116140000,-72800,-72900,-72500,,,,,,,
-72800,1624100,20240116130000,-73100,-73100,-72600,,,,,,,
-73100,600338,20240116120000,-73000,-73200,-72900,,,,,,,
-72900,1120669,20240116110000,-73000,-73200,-72800,,,,,,,
-73000,2051290,20240116100000,-72500,-73100,-72500,,,,,,,
-72600,4563312,20240116090000,-73500,-73700,-72500,,,,,,,
+73900,2199186,20240115150000,+73600,+73900,+73400,,,,,,,
+73500,974779,20240115140000,+73500,+73600,+73400,,,,,,,
+73600,919739,20240115130000,+73600,+73600,+73400,,,,,,,
+73600,1328203,20240115120000,+73700,+73800,+73500,,,,,,,
+73700,1458062,20240115110000,+73500,+73900,+73500,,,,,,,
+73600,2137224,20240115100000,+73700,+74000,+73400,,,,,,,
+73700,3947855,20240115090000,+73200,+74000,+73200,,,,,,,
-73100,1262618,20240112150000,-72900,-73100,-72900,,,,,,,
-72900,1018355,20240112140000,-72900,-73100,-72900,,,,,,,
-73000,1927451,20240112130000,+73500,+73500,-72800,,,,,,,
+73400,507647,20240112120000,+73500,+73500,+73300,,,,,,,
+73500,1396227,20240112110000,+73600,+73800,+73400,,,,,,,
+73600,1934695,20240112100000,+73400,+73700,73200,,,,,,,
+73400,4920778,20240112090000,-73000,+74100,-73000,,,,,,,
-73200,5873514,20240111150000,-73300,-73400,-73200,,,,,,,
-73200,3454992,20240111140000,-73000,-73500,-73000,,,,,,,
-73000,1936168,20240111130000,-73000,-73100,-72800,,,,,,,
-73100,2329358,20240111120000,-73000,-73100,-72800,,,,,,,
-72900,2575680,20240111110000,-73300,-73400,-72900,,,,,,,
-73200,2455256,20240111100000,-73200,-73500,-73000,,,,,,,
-73300,9102463,20240111090000,-72900,73600,-72700,,,,,,,
-73600,1876938,20240110150000,-73800,-73900,-73600,,,,,,,
-73800,2039961,20240110140000,-73600,-73900,-73500,,,,,,,
-73700,1849120,20240110130000,-73600,-73800,-73500,,,,,,,
-73700,1892574,20240110120000,-73600,-73700,-73300,,,,,,,
-73700,3583268,20240110110000,-73700,-73800,-73200,,,,,,,
-73800,4221925,20240110100000,-74400,-74500,-73600,,,,,,,
-74500,4479903,20240110090000,+75000,+75200,-74300,,,,,,,
-74700,2455136,20240109150000,-74800,-75000,-74500,,,,,,,
-74900,3933191,20240109140000,-74900,-75100,-74300,,,,,,,
-75000,5139435,20240109130000,-75500,-75600,-74800,,,,,,,
-75600,1729818,20240109120000,-75600,-75800,-75500,,,,,,,
-75700,2016032,20240109110000,-75900,-76100,-75600,,,,,,,
-76000,3971130,20240109100000,+76800,+76900,-75800,,,,,,,
+76900,6582738,20240109090000,+77400,+77700,76500,,,,,,,
-76500,1303903,20240108150000,76600,+76700,-76500,,,,,,,
+76700,1277845,20240108140000,+76700,+76700,-76400,,,,,,,
76600,1125546,20240108130000,+76800,+76800,76600,,,,,,,
+76700,772642,20240108120000,+76800,+76900,+76700,,,,,,,
+76800,1407993,20240108110000,+77000,+77000,+76700,,,,,,,
+77000,1727684,20240108100000,+77400,+77500,+76900,,,,,,,
+77400,3401077,20240108090000,+77000,+77400,+76800,,,,,,,
76600,1463696,20240105150000,-76500,76600,-76400,,,,,,,
-76500,1532870,20240105140000,-76500,+76700,-76400,,,,,,,
-76500,1205776,20240105130000,+76800,+76800,-76500,,,,,,,
+76700,1043161,20240105120000,76600,+76800,-76500,,,,,,,
-76500,738759,20240105110000,76600,+76700,-76500,,,,,,,
76600,1011386,20240105100000,+76700,+76800,-76500,,,,,,,
76600,4201771,20240105090000,+76700,+77100,-76500,,,,,,,
-76600,1754681,20240104150000,-76600,-76800,-76500,,,,,,,
-76600,1159261,20240104140000,-76500,-76600,-76400,,,,,,,
-76600,1128408,20240104130000,-76600,-76700,-76400,,,,,,,
-76700,947038,20240104120000,-76800,-76900,-76500,,,,,,,
-76700,1845363,20240104110000,-76500,-76800,-76200,,,,,,,
-76600,2525858,20240104100000,+77200,+77200,-76400,,,,,,,
+77200,5687957,20240104090000,-76100,+77300,-76100,,,,,,,
-77000,2135320,20240103150000,-77400,-77400,-77000,,,,,,,
-77400,1693193,20240103140000,-77300,-77500,-77200,,,,,,,
-77400,1925348,20240103130000,-77700,-77700,-77300,,,,,,,
-77700,1620040,20240103120000,-77900,-78000,-77500,,,,,,,
-77900,2248052,20240103110000,-77900,-78200,-77800,,,,,,,
-77900,5713993,20240103100000,-77800,-78000,-77100,,,,,,,
-77800,6214940,20240103090000,-78500,-78800,-77800,,,,,,,
+79600,1945318,20240102150000,+79700,+79800,+79600,,,,,,,
+79700,4190518,20240102140000,+79500,+79800,+79400,,,,,,,
+79400,2026637,20240102130000,+79200,+79500,+79100,,,,,,,
+79300,2346939,20240102120000,+78700,+79300,+78700,,,,,,,
+78700,1500010,20240102110000,-78400,+78800,-78200,,,,,,,
-78400,4888235,20240102100000,-78200,+79400,-78200,,,,,,,
+78500,4009963,20231228150000,+78200,+78500,+78100,,,,,,,
+78200,2814533,20231228140000,-77800,+78200,-77800,,,,,,,
-77800,1966951,20231228130000,-77800,-77900,-77600,,,,,,,
-77800,1487155,20231228120000,78000,+78100,-77800,,,,,,,
-77900,3066360,20231228110000,-77900,+78200,-77800,,,,,,,
-77900,1802835,20231228100000,-77600,78000,-77600,,,,,,,
-77700,2576052,20231228090000,-77700,-77800,-77500,,,,,,,
+78000,1704897,20231227150000,+77800,+78000,+77800,,,,,,,
+77800,1510794,20231227140000,+77800,+77900,+77700,,,,,,,
+77900,3393540,20231227130000,+77600,+77900,+77500,,,,,,,
+77600,1642608,20231227120000,+77300,+77600,+77200,,,,,,,
+77300,1918471,20231227110000,+77500,+77600,+77300,,,,,,,
+77400,3885825,20231227100000,+77200,+77500,-76500,,,,,,,
+77200,6523682,20231227090000,+76700,+77800,76600,,,,,,,
+76600,2304990,20231226150000,+76600,+76700,+76500,,,,,,,
+76500,1277259,20231226140000,+76500,+76600,+76500,,,,,,,
+76600,2482469,20231226130000,+76500,+76600,+76300,,,,,,,
+76400,578043,20231226120000,+76400,+76500,+76400,,,,,,,
+76500,1193858,20231226110000,+76300,+76500,+76300,,,,,,,
+76400,1060144,20231226100000,+76400,+76500,+76300,,,,,,,
+76400,4203376,20231226090000,+76100,+76500,-75700,,,,,,,
+75900,1631818,20231222150000,+76000,+76000,+75800,,,,,,,
+75900,2058958,20231222140000,+75800,+76000,+75800,,,,,,,
+75900,1154845,20231222130000,+75900,+75900,+75800,,,,,,,
+75900,1179627,20231222120000,+75700,+75900,+75700,,,,,,,
+75700,1221278,20231222110000,+75500,+75800,+75500,,,,,,,
+75600,1406017,20231222100000,+75600,+75800,+75500,,,,,,,
+75500,5824465,20231222090000,+75800,+76300,+75400,,,,,,,
+75000,2527499,20231221150000,+74900,+75000,74800,,,,,,,
+74900,1604806,20231221140000,-74600,+74900,-74500,,,,,,,
-74600,1252160,20231221130000,74800,74800,-74500,,,,,,,
74800,980933,20231221120000,-74600,74800,-74600,,,,,,,
-74600,1020159,20231221110000,-74500,-74700,-74500,,,,,,,
-74600,2001963,20231221100000,-74700,+74900,-74500,,,,,,,
-74700,3971942,20231221090000,-74600,+75000,-74300,,,,,,,
+74800,2606267,20231220150000,+74600,+74900,+74600,,,,,,,
+74700,4915025,20231220140000,+74300,+74700,+74200,,,,,,,
+74300,1029661,20231220130000,+74200,+74300,+74100,,,,,,,
+74200,1588272,20231220120000,+74000,+74300,+74000,,,,,,,
+74100,3044299,20231220110000,+73900,+74300,+73900,,,,,,,
+73900,878795,20231220100000,+74000,+74000,+73900,,,,,,,
+74000,2768602,20231220090000,+74200,+74200,+73800,,,,,,,
+73400,1857994,20231219150000,+73100,+73400,+73100,,,,,,,
+73100,1213500,20231219140000,+73000,+73200,72900,,,,,,,
+73000,790785,20231219130000,+73000,+73100,72900,,,,,,,
+73000,995760,20231219120000,+73100,+73200,72900,,,,,,,
+73100,990889,20231219110000,72900,+73100,-72800,,,,,,,
72900,761887,20231219100000,-72800,+73000,-72800,,,,,,,
-72800,2272782,20231219090000,+73000,+73200,-72800,,,,,,,
-72900,1632208,20231218150000,-73000,-73100,-72900,,,,,,,
-73100,1044198,20231218140000,-73100,-73200,-73000,,,,,,,
-73200,1088663,20231218130000,-73100,73300,-73000,,,,,,,
-73100,1220847,20231218120000,-73200,73300,-73000,,,,,,,
73300,974435,20231218110000,-72900,73300,-72900,,,,,,,
-72900,1195296,20231218100000,-73000,-73100,-72800,,,,,,,
-73000,2342277,20231218090000,73300,+73400,-73000,,,,,,,
+73300,3687769,20231215150000,+73300,+73400,+73300,,,,,,,
+73300,1904026,20231215140000,+73500,+73600,+73200,,,,,,,
+73500,1564465,20231215130000,+73700,+73700,+73500,,,,,,,
+73700,1689263,20231215120000,+73600,+73800,+73500,,,,,,,
+73600,974647,20231215110000,+73700,+73800,+73600,,,,,,,
+73600,1866116,20231215100000,+74000,+74000,+73600,,,,,,,
+73900,3200274,20231215090000,+73800,+74000,+73500,,,,,,,
+73100,7941462,20231214150000,-72600,+73100,-72500,,,,,,,
-72700,3695076,20231214140000,+73200,+73300,-72600,,,,,,,
+73300,2048879,20231214130000,+73400,+73500,+73200,,,,,,,
+73400,1781815,20231214120000,+73500,+73600,+73100,,,,,,,
+73600,2087351,20231214110000,+73800,+73900,+73400,,,,,,,
